configuration_id,study_id,citation_key,year,title,domain,evidence_scope,publication_status,persistent_id,configuration_label,claim_endpoint,evaluation_setting,evidence_independence,O_levels,C_levels,E_levels,A_levels,N_levels,physics_insertion,physics_informed_status,ocean_signature,source_section,source_page,source_evidence,anchor_url,anchor_basis,verified_on,O_evidence_summary,C_evidence_summary,E_evidence_summary,A_evidence_summary,N_evidence_summary,locator_status,coding_basis,supported_claim,claim_boundary_code,unsupported_claim,extraction_decision,extraction_basis
S001-C01,S001,ha2018world,2018,Recurrent World Models Facilitate Policy Evolution,world_models_and_control,transferable_control,peer_reviewed_or_book,https://proceedings.neurips.cc/paper/2018/hash/2de5d16682c3c35007e4e92982f1a2ba-Abstract.html,simulated world-model control,policy performance using an action-conditioned learned world model,S,DEV,O0,C0,E2,A2,N0,none,not_established,O0--C0--E2--A2--N0;S,Sec. 2 Agent Model; Sec. 4.1 Experiment Setup; Table 2,HTML n.p. (stable named section),Peer-reviewed NeurIPS record used for the retained simulated world-model control configuration.,https://proceedings.neurips.cc/paper/2018/hash/2de5d16682c3c35007e4e92982f1a2ba-Abstract.html,publisher/arXiv full text; stable named section,2026-08-18,O0: gridded or single-source observations,C0: no computation-altering physical insertion established,E2: action-conditioned evolution,A2: active sensing or control,N0: aggregate or in-domain evaluation,full_text_section_anchor,full-text anchor and coding rules,policy performance using an action-conditioned learned world model,B_SIMULATION_TO_FIELD,Boundary: simulation/replay.,single,single evaluated endpoint and setting
S002-C01,S002,hafner2023dreamerv3,2025,Mastering diverse control tasks through world models,world_models_and_control,transferable_control,peer_reviewed_or_book,https://doi.org/10.1038/s41586-025-08744-2,DreamerV3 control across domains,control performance across diverse simulated domains,S,DEV,O0,C0,E2,A2,N2,none,not_established,O0--C0--E2--A2--N2;S,General performance; Methods—Benchmarks and Protocols; Fig. 4,published pp. 647–653 (section-located),Full-text methods and evaluation report imagined future scenarios for behavior learning and evaluation across more than 150 diverse tasks.,https://doi.org/10.1038/s41586-025-08744-2,version-of-record full text; stable published pagination and named section,2026-08-18,O0: gridded or single-source observations,C0: no computation-altering physical insertion established,E2: action-conditioned evolution,A2: active sensing or control,"N2: shift, regime, fault, or recovery evaluation",full_text_page_anchor,full-text anchor and coding rules,control performance across diverse simulated domains,B_SIMULATION_TO_FIELD,Boundary: simulation/replay.,single,single evaluated endpoint and setting
S005-C01,S005,raissi2019pinn,2019,Physics-Informed Neural Networks: A Deep Learning Framework for Solving Forward and Inverse Problems Involving Nonlinear Partial Differential Equations,scientific_machine_learning,transferable_adjacent,peer_reviewed_or_book,https://doi.org/10.1016/j.jcp.2018.10.045,PINN PDE solution,forward/inverse PDE solution error,D,DEV,O0,C1,E0,A0,N0,objective_or_projection,established,O0--C1--E0--A0--N0;D,Sec. 2 Continuous Time Models; Sec. 2.1 Burgers' Equation,published pp. 686–707 (section-located),The source defines neural networks trained while respecting governing nonlinear PDE laws.,https://doi.org/10.1016/j.jcp.2018.10.045,version-of-record full text; stable published pagination and named section,2026-08-18,O0: gridded or single-source observations,"C1: constraint in the objective, projection, or inference step",E0: state reconstruction or same-time inference,A0: passive analysis,N0: aggregate or in-domain evaluation,full_text_page_anchor,full-text anchor and coding rules,forward/inverse PDE solution error,B_OFFLINE_TO_OPERATIONAL,Boundary: offline/hindcast.,single,single evaluated endpoint and setting
S011-C01,S011,bolton2019ocean,2019,Applications of Deep Learning to Ocean Data Inference and Subgrid Parameterization,scientific_machine_learning,transferable_adjacent,peer_reviewed_or_book,https://doi.org/10.1029/2018MS001472,deep-learning ocean data inference [data-inference],ocean-data inference accuracy,D,DEV,O0,C0,E0,A0,N0,none,not_established,O0--C0--E0--A0--N0;D,Methods; Results—Ocean data inference and subsurface-flow reconstruction,published pp. 376–399 (section-located),The proof-of-concept uses degraded gridded high-resolution model data and a generic CNN; neither native irregular-support O2 nor a physics-aware C2 representation is required by the retained data-inference endpoint.,https://doi.org/10.1029/2018MS001472,version-of-record full text; stable published pagination and named section,2026-08-18,O0: gridded or single-source observations,C0: no computation-altering physical insertion established,E0: state reconstruction or same-time inference,A0: passive analysis,N0: aggregate or in-domain evaluation,full_text_page_anchor,full-text anchor and coding rules,ocean-data inference accuracy,B_OFFLINE_TO_OPERATIONAL,Boundary: offline/hindcast.,split,separate endpoint or setting
S011-C02,S011,bolton2019ocean,2019,Applications of Deep Learning to Ocean Data Inference and Subgrid Parameterization,scientific_machine_learning,transferable_adjacent,peer_reviewed_or_book,https://doi.org/10.1029/2018MS001472,deep-learning ocean subgrid parameterization [subgrid-parameterization],learned ocean subgrid-parameterization behavior,D,DEV,O0,C1,E0,A0,N2,objective_or_projection,established,O0--C1--E0--A0--N2;D,Methods; Results—Sub-grid parameterisation and physical constraint,published pp. 376–399 (section-located),"The subgrid forcing is predicted at the same time from coarse fields; the source also reports a globally momentum-conserving constrained variant and generalization across dynamical/forcing conditions, supporting C1 and N2 without requiring C2.",https://doi.org/10.1029/2018MS001472,version-of-record full text; stable published pagination and named section,2026-08-18,O0: gridded or single-source observations,"C1: constraint in the objective, projection, or inference step",E0: state reconstruction or same-time inference,A0: passive analysis,"N2: shift, regime, fault, or recovery evaluation",full_text_page_anchor,full-text anchor and coding rules,learned ocean subgrid-parameterization behavior,B_OFFLINE_TO_OPERATIONAL,Boundary: offline/hindcast.,split,separate endpoint or setting
S012-C01,S012,fablet2021varda,2021,Learning Variational Data Assimilation Models and Solvers,scientific_machine_learning,transferable_adjacent,peer_reviewed_or_book,https://doi.org/10.1029/2021MS002572,learned variational data assimilation,state reconstruction from noisy and irregular observations,D,DEV,O2,C1,E0,A0,N0,inference,established,O2--C1--E0--A0--N0;D,Variational data assimilation formulation; End-to-end learning; Numerical experiments,HTML n.p. (stable named section),"Full-text formulation and experiments establish reconstruction from possibly noisy, irregularly sampled observations using learned variational models and solvers.",https://doi.org/10.1029/2021MS002572,publisher/arXiv full text; stable named section,2026-08-18,"O2: irregular, delayed, or provenance-aware observations","C1: constraint in the objective, projection, or inference step",E0: state reconstruction or same-time inference,A0: passive analysis,N0: aggregate or in-domain evaluation,full_text_section_anchor,full-text anchor and coding rules,state reconstruction from noisy and irregular observations,B_OFFLINE_TO_OPERATIONAL,Boundary: offline/hindcast.,single,single evaluated endpoint and setting
S027-C01,S027,fiorelli2006adaptive,2006,Multi-AUV Control and Adaptive Sampling in Monterey Bay,marine_robotics_and_active_sensing,marine_robotics,peer_reviewed_or_book,https://doi.org/10.1109/JOE.2006.880429,multi-AUV adaptive sampling field trial,cooperative adaptive sampling in sea trials,F,DEV,O3,C0,E2,A3,N0,action_constraint,not_established,O3--C0--E2--A3--N0;F,Sec. II Cooperative control; Sea-trial implementation and results,published pp. 935–948 (section-located),"The paper reports cooperative multi-vehicle control, adaptive sampling, and Monterey Bay sea trials; the accessible full text identifies cooperative control in Sec. II and sampling-design directions in Sec. V.",https://doi.org/10.1109/JOE.2006.880429,version-of-record full text; stable published pagination and named section,2026-08-18,O3: action-dependent acquisition,C0: no computation-altering physical insertion established,E2: action-conditioned evolution,A3: cooperative multi-agent operation,N0: aggregate or in-domain evaluation,full_text_page_anchor,full-text anchor and coding rules,cooperative adaptive sampling in sea trials,B_DEVELOPER_TO_INDEPENDENT,Boundary: developer-run field evidence.,single,single evaluated endpoint and setting
S028-C01,S028,leonard2010gliderfleet,2010,Coordinated Control of an Underwater Glider Fleet in an Adaptive Ocean Sampling Field Experiment in Monterey Bay,marine_robotics_and_active_sensing,marine_robotics,peer_reviewed_or_book,https://doi.org/10.1002/rob.20366,glider-fleet adaptive sampling field experiment,coordinated glider-fleet adaptive sampling in a field experiment,F,DEV,O3,C0,E2,A3,N0,action_constraint,not_established,O3--C0--E2--A3--N0;F,Coordinated control and adaptive sampling; Field experiment results,published pp. 718–740 (section-located),The cited full-text method and evaluation identify coordinated control of a glider fleet in an adaptive ocean sampling field experiment.,https://doi.org/10.1002/rob.20366,version-of-record full text; stable published pagination and named section,2026-08-18,O3: action-dependent acquisition,C0: no computation-altering physical insertion established,E2: action-conditioned evolution,A3: cooperative multi-agent operation,N0: aggregate or in-domain evaluation,full_text_page_anchor,full-text anchor and coding rules,coordinated glider-fleet adaptive sampling in a field experiment,B_DEVELOPER_TO_INDEPENDENT,Boundary: developer-run field evidence.,single,single evaluated endpoint and setting
S030-C01,S030,chattopadhyay2024oceannet,2024,OceanNet: A Principled Neural Operator-Based Digital Twin for Regional Oceans,learned_ocean_systems_and_benchmarks,direct_ocean,peer_reviewed_or_book,https://doi.org/10.1038/s41598-024-72145-0,OceanNet regional ocean emulation,regional sea-surface-height emulation and seasonal feature prediction,D,DEV,O0,C2,E1,A0,N2,representation,established,O0--C2--E1--A0--N2;D,Results—OceanNet formulation; Regional forecast experiments,HTML n.p. (stable named section),"Full-text methods and evaluation report a Fourier neural operator, predictor-evaluate-corrector integration, spectral regularization, and long-horizon regional SSH emulation.",https://doi.org/10.1038/s41598-024-72145-0,publisher/arXiv full text; stable named section,2026-08-18,O0: gridded or single-source observations,C2: physics-structured representation,E1: forecasting or emulation,A0: passive analysis,"N2: shift, regime, fault, or recovery evaluation",full_text_section_anchor,full-text anchor and coding rules,regional sea-surface-height emulation and seasonal feature prediction,B_OFFLINE_TO_OPERATIONAL,Boundary: offline/hindcast.,single,single evaluated endpoint and setting
S031-C01,S031,wang2024xihe,2024,XiHe: A Data-Driven Model for Global Ocean Eddy-Resolving Forecasting,learned_ocean_systems_and_benchmarks,direct_ocean,preprint,https://doi.org/10.48550/arXiv.2402.02995,XiHe global ocean forecast,global eddy-resolving ocean forecast skill,D,DEV,O0,C2,E1,A0,N2,representation,established,O0--C2--E1--A0--N2;D,Sec. III Dataset; Sec. IV Methodology; Sec. V Experimental Evaluation,HTML n.p. (stable named section),"Full-text methods and evaluation report a 1/12-degree global forecast model trained on GLORYS12, ocean-specific structure, and verification against satellite, in-situ, and operational forecast products.",https://doi.org/10.48550/arXiv.2402.02995,publisher/arXiv full text; stable named section,2026-08-18,O0: gridded or single-source observations,C2: physics-structured representation,E1: forecasting or emulation,A0: passive analysis,"N2: shift, regime, fault, or recovery evaluation",full_text_section_anchor,full-text anchor and coding rules,global eddy-resolving ocean forecast skill,B_OFFLINE_TO_OPERATIONAL,Boundary: offline/hindcast.,single,single evaluated endpoint and setting
S032-C01,S032,cui2025wenhai,2025,Forecasting the Eddying Ocean with a Deep Neural Network,learned_ocean_systems_and_benchmarks,direct_ocean,peer_reviewed_or_book,https://doi.org/10.1038/s41467-025-57389-2,WenHai eddying-ocean forecast,eddy-resolving ocean forecast skill,D,DEV,O0,C2,E1,A0,N2,representation,established,O0--C2--E1--A0--N2;D,Results—WenHai model; Forecast performance; Methods,HTML n.p. (stable named section),The cited full-text method and evaluation report the retained endpoint: eddy-resolving ocean forecast skill.,https://doi.org/10.1038/s41467-025-57389-2,publisher/arXiv full text; stable named section,2026-08-18,O0: gridded or single-source observations,C2: physics-structured representation,E1: forecasting or emulation,A0: passive analysis,"N2: shift, regime, fault, or recovery evaluation",full_text_section_anchor,full-text anchor and coding rules,eddy-resolving ocean forecast skill,B_OFFLINE_TO_OPERATIONAL,Boundary: offline/hindcast.,single,single evaluated endpoint and setting
S033-C01,S033,niu2026fuxiocean,2026,A Deep Learning Global Ocean Forecasting Model with Sub-Daily and Eddy-Resolving Resolution,learned_ocean_systems_and_benchmarks,direct_ocean,peer_reviewed_or_book,https://doi.org/10.1038/s41612-026-01444-2,FuXi-Ocean global forecast,sub-daily eddy-resolving global ocean forecast skill,D,DEV,O0,C2,E1,A0,N2,representation,established,O0--C2--E1--A0--N2;D,Results—FuXi-Ocean design and forecast evaluation; Methods,HTML n.p. (stable named section),The cited full-text method and evaluation report the retained endpoint: sub-daily eddy-resolving global ocean forecast skill.,https://doi.org/10.1038/s41612-026-01444-2,publisher/arXiv full text; stable named section,2026-08-18,O0: gridded or single-source observations,C2: physics-structured representation,E1: forecasting or emulation,A0: passive analysis,"N2: shift, regime, fault, or recovery evaluation",full_text_section_anchor,full-text anchor and coding rules,sub-daily eddy-resolving global ocean forecast skill,B_OFFLINE_TO_OPERATIONAL,Boundary: offline/hindcast.,single,single evaluated endpoint and setting
S034-C01,S034,jia2025oceanforecastbench,2025,OceanForecastBench: A Benchmark Dataset for Data-Driven Global Ocean Forecasting,learned_ocean_systems_and_benchmarks,direct_ocean,preprint,https://doi.org/10.48550/arXiv.2511.18732,OceanForecastBench benchmark,benchmark forecast skill against satellite and in-situ verification,D,DEV,O0,C0,E1,A0,N2,none,not_established,O0--C0--E1--A0--N2;D,Benchmark construction; Evaluation protocol; Experiments,HTML n.p. (stable named section),"The abstract defines a global ocean forecasting benchmark with GLORYS training data, satellite/in-situ verification, six baseline models, and multi-perspective evaluation.",https://doi.org/10.48550/arXiv.2511.18732,publisher/arXiv full text; stable named section,2026-08-18,O0: gridded or single-source observations,C0: no computation-altering physical insertion established,E1: forecasting or emulation,A0: passive analysis,"N2: shift, regime, fault, or recovery evaluation",full_text_section_anchor,full-text anchor and coding rules,benchmark forecast skill against satellite and in-situ verification,B_OFFLINE_TO_OPERATIONAL,Boundary: offline/hindcast.,single,single evaluated endpoint and setting
S035-C01,S035,elaouni2025oceanbench,2025,OceanBench: A Benchmark for Data-Driven Global Ocean Forecasting Systems,learned_ocean_systems_and_benchmarks,direct_ocean,peer_reviewed_or_book,https://proceedings.neurips.cc/paper_files/paper/2025/hash/0d1635dfa43efe7477f9b6dab3168fd8-Abstract-Datasets_and_Benchmarks_Track.html,OceanBench benchmark,standardized global ocean forecasting benchmark,D,DEV,O0,C0,E1,A0,N2,none,not_established,O0--C0--E1--A0--N2;D,Dataset and benchmark design; Evaluation protocol; Experiments,HTML n.p. (stable named section),The cited full-text method and evaluation report the retained endpoint: standardized global ocean forecasting benchmark.,https://proceedings.neurips.cc/paper_files/paper/2025/hash/0d1635dfa43efe7477f9b6dab3168fd8-Abstract-Datasets_and_Benchmarks_Track.html,publisher/arXiv full text; stable named section,2026-08-18,O0: gridded or single-source observations,C0: no computation-altering physical insertion established,E1: forecasting or emulation,A0: passive analysis,"N2: shift, regime, fault, or recovery evaluation",full_text_section_anchor,full-text anchor and coding rules,standardized global ocean forecasting benchmark,B_OFFLINE_TO_OPERATIONAL,Boundary: offline/hindcast.,single,single evaluated endpoint and setting
S043-C01,S043,guo2025orcadl,2025,Data-Driven Global Ocean Modeling for Seasonal to Decadal Prediction,learned_ocean_systems_and_benchmarks,direct_ocean,peer_reviewed_or_book,https://doi.org/10.1126/sciadv.adu2488,ORCA-DL seasonal-to-decadal ocean model,seasonal-to-decadal global ocean simulation and extreme-event skill,D,DEV,O0,C2,E1,A0,N2,representation,established,O0--C2--E1--A0--N2;D,Results—ORCA-DL formulation and simulations; Materials and Methods,HTML n.p. (stable named section),"Full-text methods and evaluation report a data-driven 3-D ocean model, stable decadal emulation, and evaluation on climate variability and extreme events.",https://doi.org/10.1126/sciadv.adu2488,publisher/arXiv full text; stable named section,2026-08-18,O0: gridded or single-source observations,C2: physics-structured representation,E1: forecasting or emulation,A0: passive analysis,"N2: shift, regime, fault, or recovery evaluation",full_text_section_anchor,full-text anchor and coding rules,seasonal-to-decadal global ocean simulation and extreme-event skill,B_OFFLINE_TO_OPERATIONAL,Boundary: offline/hindcast.,single,single evaluated endpoint and setting
S044-C01,S044,kim2026kistocean,2026,Data-Driven Global Ocean Model Resolving Atmospherically Forced Ocean Dynamics,learned_ocean_systems_and_benchmarks,direct_ocean,peer_reviewed_or_book,https://doi.org/10.1126/sciadv.aed1225,KIST-Ocean forced-ocean simulation,global ocean dynamics under atmospheric forcing,D,DEV,O0,C2,E1,A0,N2,representation,established,O0--C2--E1--A0--N2;D,Results—Forced-ocean response experiments; Materials and Methods,HTML n.p. (stable named section),"The source reports a global 3-D data-driven ocean model evaluated for responses to atmospheric forcing, including wave propagation and wind-stress-driven vertical motion.",https://doi.org/10.1126/sciadv.aed1225,publisher/arXiv full text; stable named section,2026-08-18,O0: gridded or single-source observations,C2: physics-structured representation,E1: forecasting or emulation,A0: passive analysis,"N2: shift, regime, fault, or recovery evaluation",full_text_section_anchor,full-text anchor and coding rules,global ocean dynamics under atmospheric forcing,B_OFFLINE_TO_OPERATIONAL,Boundary: offline/hindcast.,single,single evaluated endpoint and setting
S049-C01,S049,eustice2008van,2008,Visually Augmented Navigation for Autonomous Underwater Vehicles,marine_robotics_and_active_sensing,marine_robotics,peer_reviewed_or_book,https://doi.org/10.1109/JOE.2008.923547,visually augmented AUV navigation,AUV navigation using visual observations,F,DEV,O2,C1,E0,A0,N0,inference,established,O2--C1--E0--A0--N0;F,Visual navigation formulation; Experimental results,published pp. 103–122 (section-located),"The evaluated VAN endpoint is multisensor state estimation/navigation: camera-derived relative-pose constraints are fused into the navigation inference, while no executed closed-loop control benefit is required for the retained claim.",https://doi.org/10.1109/JOE.2008.923547,version-of-record full text; stable published pagination and named section,2026-08-18,"O2: irregular, delayed, or provenance-aware observations","C1: constraint in the objective, projection, or inference step",E0: state reconstruction or same-time inference,A0: passive analysis,N0: aggregate or in-domain evaluation,full_text_page_anchor,full-text anchor and coding rules,AUV navigation using visual observations,B_DEVELOPER_TO_INDEPENDENT,Boundary: developer-run field evidence.,single,single evaluated endpoint and setting
S050-C01,S050,lu2021deeponet,2021,Learning Nonlinear Operators via DeepONet Based on the Universal Approximation Theorem of Operators,scientific_machine_learning,transferable_adjacent,peer_reviewed_or_book,https://doi.org/10.1038/s42256-021-00302-5,DeepONet operator learning,operator-learning PDE solution accuracy,D,DEV,O0,C2,E0,A0,N0,representation,established,O0--C2--E0--A0--N0;D,DeepONet formulation; Numerical experiments; Methods,published pp. 218–229 (section-located),"DeepONet explicitly represents operator inputs and output-domain coordinates and is evaluated on differential-equation operators; this supports a physically described domain plus operator-aware representation, not online solver coupling.",https://doi.org/10.1038/s42256-021-00302-5,version-of-record full text; stable published pagination and named section,2026-08-18,O0: gridded or single-source observations,C2: physics-structured representation,E0: state reconstruction or same-time inference,A0: passive analysis,N0: aggregate or in-domain evaluation,full_text_page_anchor,full-text anchor and coding rules,operator-learning PDE solution accuracy,B_OFFLINE_TO_OPERATIONAL,Boundary: offline/hindcast.,single,single evaluated endpoint and setting
S051-C01,S051,li2021fno,2021,Fourier Neural Operator for Parametric Partial Differential Equations,scientific_machine_learning,transferable_adjacent,peer_reviewed_or_book,https://openreview.net/forum?id=c8P9NQVtmnO,Fourier neural operator PDE evaluation,parametric PDE solution-operator accuracy including super-resolution,D,DEV,O0,C2,E0,A0,N2,representation,established,O0--C2--E0--A0--N2;D,Sec. 3 Fourier neural operator; Sec. 5 Experiments,HTML n.p. (stable named section),"Full-text methods and evaluation report Fourier-space operator parameterization and experiments on Burgers, Darcy, and Navier-Stokes, including zero-shot super-resolution.",https://openreview.net/forum?id=c8P9NQVtmnO,publisher/arXiv full text; stable named section,2026-08-18,O0: gridded or single-source observations,C2: physics-structured representation,E0: state reconstruction or same-time inference,A0: passive analysis,"N2: shift, regime, fault, or recovery evaluation",full_text_section_anchor,full-text anchor and coding rules,parametric PDE solution-operator accuracy including super-resolution,B_OFFLINE_TO_OPERATIONAL,Boundary: offline/hindcast.,single,single evaluated endpoint and setting
S052-C01,S052,kovachki2023neuraloperator,2023,Neural Operator: Learning Maps Between Function Spaces with Applications to PDEs,scientific_machine_learning,transferable_adjacent,peer_reviewed_or_book,https://jmlr.org/papers/v24/21-1524.html,neural-operator PDE evaluation,neural-operator approximation across PDE problems,D,DEV,O0,C2,E0,A0,N0,representation,established,O0--C2--E0--A0--N0;D,Neural-operator formulation; Approximation and discretization; Experiments,published pp. 1–97 (section-located),"The neural-operator formulation maps between function spaces, is discretization invariant, and is evaluated on PDE solution operators; C0 and C2 are explicit without implying C1 or C3.",https://jmlr.org/papers/v24/21-1524.html,version-of-record full text; stable published pagination and named section,2026-08-18,O0: gridded or single-source observations,C2: physics-structured representation,E0: state reconstruction or same-time inference,A0: passive analysis,N0: aggregate or in-domain evaluation,full_text_page_anchor,full-text anchor and coding rules,neural-operator approximation across PDE problems,B_OFFLINE_TO_OPERATIONAL,Boundary: offline/hindcast.,single,single evaluated endpoint and setting
S053-C01,S053,pathak2022fourcastnet,2022,FourCastNet: A Global Data-Driven High-Resolution Weather Model Using Adaptive Fourier Neural Operators,scientific_machine_learning,transferable_adjacent,preprint,https://doi.org/10.48550/arXiv.2202.11214,FourCastNet forecast,global high-resolution weather forecast skill,D,DEV,O0,C2,E1,A0,N2,representation,established,O0--C2--E1--A0--N2;D,Model architecture and training; Global forecast experiments,HTML n.p. (stable named section),Full-text methods and evaluation report global 0.25-degree forecasting with adaptive Fourier neural operators and severe-event evaluation.,https://doi.org/10.48550/arXiv.2202.11214,publisher/arXiv full text; stable named section,2026-08-18,O0: gridded or single-source observations,C2: physics-structured representation,E1: forecasting or emulation,A0: passive analysis,"N2: shift, regime, fault, or recovery evaluation",full_text_section_anchor,full-text anchor and coding rules,global high-resolution weather forecast skill,B_OFFLINE_TO_OPERATIONAL,Boundary: offline/hindcast.,single,single evaluated endpoint and setting
S054-C01,S054,bi2023pangu,2023,Accurate Medium-Range Global Weather Forecasting with 3D Neural Networks,scientific_machine_learning,transferable_adjacent,peer_reviewed_or_book,https://doi.org/10.1038/s41586-023-06185-3,Pangu-Weather forecast,medium-range global weather forecast skill,D,DEV,O0,C2,E1,A0,N2,representation,established,O0--C2--E1--A0--N2;D,Pangu-Weather architecture; Global forecast performance; Methods,published pp. 533–538 (section-located),The cited full-text method and evaluation report the retained endpoint: medium-range global weather forecast skill.,https://doi.org/10.1038/s41586-023-06185-3,version-of-record full text; stable published pagination and named section,2026-08-18,O0: gridded or single-source observations,C2: physics-structured representation,E1: forecasting or emulation,A0: passive analysis,"N2: shift, regime, fault, or recovery evaluation",full_text_page_anchor,full-text anchor and coding rules,medium-range global weather forecast skill,B_OFFLINE_TO_OPERATIONAL,Boundary: offline/hindcast.,single,single evaluated endpoint and setting
S055-C01,S055,lam2023graphcast,2023,Learning Skillful Medium-Range Global Weather Forecasting,scientific_machine_learning,transferable_adjacent,peer_reviewed_or_book,https://doi.org/10.1126/science.adi2336,GraphCast forecast,medium-range global weather forecast skill including severe events,D,DEV,O0,C2,E1,A0,N2,representation,established,O0--C2--E1--A0--N2;D,GraphCast model; Evaluation; Materials and Methods,published pp. 1416–1421 (section-located),"Full-text methods and evaluation report 10-day global forecasts and verification on tropical cyclones, atmospheric rivers, and extreme temperatures.",https://doi.org/10.1126/science.adi2336,version-of-record full text; stable published pagination and named section,2026-08-18,O0: gridded or single-source observations,C2: physics-structured representation,E1: forecasting or emulation,A0: passive analysis,"N2: shift, regime, fault, or recovery evaluation",full_text_page_anchor,full-text anchor and coding rules,medium-range global weather forecast skill including severe events,B_OFFLINE_TO_OPERATIONAL,Boundary: offline/hindcast.,single,single evaluated endpoint and setting
S056-C01,S056,kochkov2024neuralgcm,2024,Neural General Circulation Models for Weather and Climate,scientific_machine_learning,transferable_adjacent,peer_reviewed_or_book,https://doi.org/10.1038/s41586-024-07744-y,NeuralGCM hybrid forecast/simulation,"weather, ensemble-weather, and climate simulation skill",D,DEV,O0,C3,E1,A0,N1;N2,solver_coupling,established,O0--C3--E1--A0--N1/N2;D,NeuralGCM formulation; Forecast and climate-simulation results; Methods,published pp. 1060–1066 (section-located),"The source reports a differentiable atmospheric dynamics solver coupled with ML components and evaluates deterministic, ensemble-weather, and climate simulations; CRPS and spread-skill diagnostics support N1 in addition to named-regime N2 tests.",https://doi.org/10.1038/s41586-024-07744-y,version-of-record full text; stable published pagination and named section,2026-08-18,O0: gridded or single-source observations,C3: online solver coupling,E1: forecasting or emulation,A0: passive analysis,"N1: calibrated uncertainty; N2: shift, regime, fault, or recovery evaluation",full_text_page_anchor,full-text anchor and coding rules,"weather, ensemble-weather, and climate simulation skill",B_OFFLINE_TO_OPERATIONAL,Boundary: offline/hindcast.,single,single evaluated endpoint and setting
S057-C01,S057,bodnar2025aurora,2025,A Foundation Model for the Earth System,scientific_machine_learning,transferable_adjacent,peer_reviewed_or_book,https://doi.org/10.1038/s41586-025-09005-y,Aurora Earth-system forecasting,multi-domain Earth-system forecasting after foundation-model adaptation,D,DEV,O1,C2,E1,A0,N2,representation,established,O1--C2--E1--A0--N2;D,Aurora architecture; Downstream evaluations; Methods,published pp. 1180–1187 (section-located),Full-text methods and evaluation report pretraining on diverse Earth-system data and downstream evaluation on several forecasting domains.,https://doi.org/10.1038/s41586-025-09005-y,version-of-record full text; stable published pagination and named section,2026-08-18,O1: multimodal observations,C2: physics-structured representation,E1: forecasting or emulation,A0: passive analysis,"N2: shift, regime, fault, or recovery evaluation",full_text_page_anchor,full-text anchor and coding rules,multi-domain Earth-system forecasting after foundation-model adaptation,B_OFFLINE_TO_OPERATIONAL,Boundary: offline/hindcast.,single,single evaluated endpoint and setting
S058-C01,S058,nguyen2023climax,2023,ClimaX: A Foundation Model for Weather and Climate,scientific_machine_learning,transferable_adjacent,peer_reviewed_or_book,https://proceedings.mlr.press/v202/nguyen23a.html,ClimaX foundation-model evaluation,weather/climate downstream task performance across heterogeneous variables and scales,D,DEV,O1,C2,E1,A0,N2,representation,established,O1--C2--E1--A0--N2;D,Sec. 3 ClimaX; Sec. 4 Experiments,published pp. 25904–25938 (section-located),"Full-text methods and evaluation report heterogeneous datasets, multiple physical variables and spatiotemporal scales, and fine-tuning to tasks including unseen scales.",https://proceedings.mlr.press/v202/nguyen23a.html,version-of-record full text; stable published pagination and named section,2026-08-18,O1: multimodal observations,C2: physics-structured representation,E1: forecasting or emulation,A0: passive analysis,"N2: shift, regime, fault, or recovery evaluation",full_text_page_anchor,full-text anchor and coding rules,weather/climate downstream task performance across heterogeneous variables and scales,B_OFFLINE_TO_OPERATIONAL,Boundary: offline/hindcast.,single,single evaluated endpoint and setting
S059-C01,S059,evensen2003enkf,2003,The Ensemble Kalman Filter: Theoretical Formulation and Practical Implementation,assimilation_and_state_estimation,direct_ocean,peer_reviewed_or_book,https://doi.org/10.1007/s10236-003-0036-9,EnKF state estimation,ensemble data-assimilation state estimation,D,DEV,O2,C0,E0,A0,N1,none,not_established,O2--C0--E0--A0--N1;D,Ensemble Kalman filter formulation and implementation; Applications,published pp. 343–367 (section-located),"The paper presents the ensemble Kalman filter formulation and implementation, where an ensemble represents state uncertainty during data assimilation.",https://doi.org/10.1007/s10236-003-0036-9,version-of-record full text; stable published pagination and named section,2026-08-18,"O2: irregular, delayed, or provenance-aware observations",C0: no computation-altering physical insertion established,E0: state reconstruction or same-time inference,A0: passive analysis,N1: calibrated uncertainty,full_text_page_anchor,full-text anchor and coding rules,ensemble data-assimilation state estimation,B_OFFLINE_TO_OPERATIONAL,Boundary: offline/hindcast.,single,single evaluated endpoint and setting
S060-C01,S060,forget2015ecco,2015,ECCO Version 4: An Integrated Framework for Non-Linear Inverse Modeling and Global Ocean State Estimation,assimilation_and_state_estimation,direct_ocean,peer_reviewed_or_book,https://doi.org/10.5194/gmd-8-3071-2015,ECCO global state estimate,global ocean state estimation constrained by observations and dynamics,D,DEV,O2,C1,E0,A0,N1,inference,established,O2--C1--E0--A0--N1;D,Sec. 2 Framework and data; Sec. 3 Estimation; Results and validation,published pp. 3071–3104 (section-located),The source describes an integrated nonlinear inverse-modeling framework for global ocean state estimation.,https://doi.org/10.5194/gmd-8-3071-2015,version-of-record full text; stable published pagination and named section,2026-08-18,"O2: irregular, delayed, or provenance-aware observations","C1: constraint in the objective, projection, or inference step",E0: state reconstruction or same-time inference,A0: passive analysis,N1: calibrated uncertainty,full_text_page_anchor,full-text anchor and coding rules,global ocean state estimation constrained by observations and dynamics,B_OFFLINE_TO_OPERATIONAL,Boundary: offline/hindcast.,single,single evaluated endpoint and setting
S061-C01,S061,lellouche2021glorys,2021,The Copernicus Global 1/12 Degree Oceanic and Sea Ice GLORYS12 Reanalysis,assimilation_and_state_estimation,direct_ocean,peer_reviewed_or_book,https://doi.org/10.3389/feart.2021.698876,GLORYS12 reanalysis,global ocean and sea-ice reanalysis,D,DEV,O2,C0,E0,A0,N0,none,not_established,O2--C0--E0--A0--N0;D,Materials and Methods—System and observations; Results—Quality assessment,HTML n.p. (stable named section),The cited full-text method and evaluation report the retained endpoint: global ocean and sea-ice reanalysis.,https://doi.org/10.3389/feart.2021.698876,publisher/arXiv full text; stable named section,2026-08-18,"O2: irregular, delayed, or provenance-aware observations",C0: no computation-altering physical insertion established,E0: state reconstruction or same-time inference,A0: passive analysis,N0: aggregate or in-domain evaluation,full_text_section_anchor,full-text anchor and coding rules,global ocean and sea-ice reanalysis,B_OFFLINE_TO_OPERATIONAL,Boundary: offline/hindcast.,single,single evaluated endpoint and setting
S062-C01,S062,good2013en4,2013,EN4: Quality Controlled Ocean Temperature and Salinity Profiles and Monthly Objective Analyses with Uncertainty Estimates,assimilation_and_state_estimation,direct_ocean,peer_reviewed_or_book,https://doi.org/10.1002/2013JC009067,EN4 profile analysis,quality-controlled profile analysis with uncertainty estimates,D,DEV,O2,C0,E0,A0,N1,none,not_established,O2--C0--E0--A0--N1;D,Sec. 2 Profile data; Sec. 3 Analysis method; Uncertainty evaluation,published pp. 6704–6716 (section-located),"Full-text methods and evaluation report quality-controlled temperature/salinity profiles, monthly objective analyses, and uncertainty estimates.",https://doi.org/10.1002/2013JC009067,version-of-record full text; stable published pagination and named section,2026-08-18,"O2: irregular, delayed, or provenance-aware observations",C0: no computation-altering physical insertion established,E0: state reconstruction or same-time inference,A0: passive analysis,N1: calibrated uncertainty,full_text_page_anchor,full-text anchor and coding rules,quality-controlled profile analysis with uncertainty estimates,B_OFFLINE_TO_OPERATIONAL,Boundary: offline/hindcast.,single,single evaluated endpoint and setting
S063-C01,S063,dheeshjith2025samudra,2025,Samudra: An AI Global Ocean Emulator for Climate,learned_ocean_systems_and_benchmarks,direct_ocean,peer_reviewed_or_book,https://doi.org/10.1029/2024GL114318,Samudra climate emulator,century-scale global ocean climate emulation,D,DEV,O0,C2,E1,A0,N2,representation,established,O0--C2--E1--A0--N2;D,Model and forcing formulation; Long-term simulation results; Methods,HTML n.p. (stable named section),Full-text methods and evaluation report a global ocean emulator stable for centuries and explicitly identifies a trend-forcing limitation.,https://doi.org/10.1029/2024GL114318,publisher/arXiv full text; stable named section,2026-08-18,O0: gridded or single-source observations,C2: physics-structured representation,E1: forecasting or emulation,A0: passive analysis,"N2: shift, regime, fault, or recovery evaluation",full_text_section_anchor,full-text anchor and coding rules,century-scale global ocean climate emulation,B_OFFLINE_TO_OPERATIONAL,Boundary: offline/hindcast.,single,single evaluated endpoint and setting
S064-C01,S064,elaouni2025glonet,2025,GLONET: Mercator's End-to-End Neural Global Ocean Forecasting System,learned_ocean_systems_and_benchmarks,direct_ocean,peer_reviewed_or_book,https://doi.org/10.1029/2025JH000686,GLONET global forecast,end-to-end global ocean forecast skill,D,DEV,O0,C2,E1,A0,N2,representation,established,O0--C2--E1--A0--N2;D,Model architecture and training; Global forecast results,HTML n.p. (stable named section),The cited full-text method and evaluation report the retained endpoint: end-to-end global ocean forecast skill.,https://doi.org/10.1029/2025JH000686,publisher/arXiv full text; stable named section,2026-08-18,O0: gridded or single-source observations,C2: physics-structured representation,E1: forecasting or emulation,A0: passive analysis,"N2: shift, regime, fault, or recovery evaluation",full_text_section_anchor,full-text anchor and coding rules,end-to-end global ocean forecast skill,B_OFFLINE_TO_OPERATIONAL,Boundary: offline/hindcast.,single,single evaluated endpoint and setting
S065-C01,S065,holmberg2025seacast,2025,Accurate Mediterranean Sea Forecasting via Graph-Based Deep Learning,learned_ocean_systems_and_benchmarks,direct_ocean,peer_reviewed_or_book,https://doi.org/10.1038/s41598-025-31177-w,SeaCast regional forecast,Mediterranean Sea forecast skill,D,DEV,O0,C2,E1,A0,N2,representation,established,O0--C2--E1--A0--N2;D,Model and data; Regional forecast evaluation; Methods,HTML n.p. (stable named section),The cited full-text method and evaluation report the retained endpoint: Mediterranean Sea forecast skill.,https://doi.org/10.1038/s41598-025-31177-w,publisher/arXiv full text; stable named section,2026-08-18,O0: gridded or single-source observations,C2: physics-structured representation,E1: forecasting or emulation,A0: passive analysis,"N2: shift, regime, fault, or recovery evaluation",full_text_section_anchor,full-text anchor and coding rules,Mediterranean Sea forecast skill,B_OFFLINE_TO_OPERATIONAL,Boundary: offline/hindcast.,single,single evaluated endpoint and setting
S066-C01,S066,gao2026neuralom,2026,NeuralOM: Neural Ocean Model for Subseasonal-to-Seasonal Simulation,learned_ocean_systems_and_benchmarks,direct_ocean,peer_reviewed_or_book,https://doi.org/10.1609/aaai.v40i17.38495,NeuralOM ocean simulation,subseasonal-to-seasonal ocean simulation skill,D,DEV,O0,C2,E1,A0,N2,representation,established,O0--C2--E1--A0--N2;D,NeuralOM method; Ocean-simulation experiments,published pp. 14756–14764 (section-located),The cited full-text method and evaluation report the retained endpoint: subseasonal-to-seasonal ocean simulation skill.,https://doi.org/10.1609/aaai.v40i17.38495,version-of-record full text; stable published pagination and named section,2026-08-18,O0: gridded or single-source observations,C2: physics-structured representation,E1: forecasting or emulation,A0: passive analysis,"N2: shift, regime, fault, or recovery evaluation",full_text_page_anchor,full-text anchor and coding rules,subseasonal-to-seasonal ocean simulation skill,B_OFFLINE_TO_OPERATIONAL,Boundary: offline/hindcast.,single,single evaluated endpoint and setting
S067-C01,S067,holmberg2026njord,2026,Njord: A Probabilistic Graph Neural Network for Ensemble Ocean Forecasting,learned_ocean_systems_and_benchmarks,direct_ocean,preprint,https://doi.org/10.48550/arXiv.2605.15470,Njord probabilistic ocean forecast,probabilistic ensemble ocean forecast skill,D,DEV,O0,C2,E1,A0,N1;N2,representation,established,O0--C2--E1--A0--N1/N2;D,Probabilistic model and training; Forecast evaluation,HTML n.p. (stable named section),The cited full-text method and evaluation report the retained endpoint: probabilistic ensemble ocean forecast skill.,https://doi.org/10.48550/arXiv.2605.15470,publisher/arXiv full text; stable named section,2026-08-18,O0: gridded or single-source observations,C2: physics-structured representation,E1: forecasting or emulation,A0: passive analysis,"N1: calibrated uncertainty; N2: shift, regime, fault, or recovery evaluation",full_text_section_anchor,full-text anchor and coding rules,probabilistic ensemble ocean forecast skill,B_OFFLINE_TO_OPERATIONAL,Boundary: offline/hindcast.,single,single evaluated endpoint and setting
S068-C01,S068,huang2026fuxions,2026,Data-Driven Ensemble Prediction of the Global Ocean,learned_ocean_systems_and_benchmarks,direct_ocean,preprint,https://doi.org/10.48550/arXiv.2603.19591,FuXi-ENS ensemble ocean prediction,global ensemble-ocean predictive distribution,D,DEV,O0,C2,E1,A0,N1;N2,representation,established,O0--C2--E1--A0--N1/N2;D,Ensemble construction; Probabilistic forecast evaluation,HTML n.p. (stable named section),The cited full-text method and evaluation report the retained endpoint: global ensemble-ocean predictive distribution.,https://doi.org/10.48550/arXiv.2603.19591,publisher/arXiv full text; stable named section,2026-08-18,O0: gridded or single-source observations,C2: physics-structured representation,E1: forecasting or emulation,A0: passive analysis,"N1: calibrated uncertainty; N2: shift, regime, fault, or recovery evaluation",full_text_section_anchor,full-text anchor and coding rules,global ensemble-ocean predictive distribution,B_OFFLINE_TO_OPERATIONAL,Boundary: offline/hindcast.,single,single evaluated endpoint and setting
S069-C01,S069,zhang2025oceancastnet,2025,Ocean Wave Forecasting with Deep Learning as Alternative to Conventional Models,learned_ocean_systems_and_benchmarks,direct_ocean,peer_reviewed_or_book,https://doi.org/10.1029/2025MS005285,OceanCastNet wave forecast,ocean-wave forecast skill,D,DEV,O0,C2,E1,A0,N2,representation,established,O0--C2--E1--A0--N2;D,OceanCastNet method; Wave-forecast experiments and ablations,HTML n.p. (stable named section),The cited full-text method and evaluation report the retained endpoint: ocean-wave forecast skill.,https://doi.org/10.1029/2025MS005285,publisher/arXiv full text; stable named section,2026-08-18,O0: gridded or single-source observations,C2: physics-structured representation,E1: forecasting or emulation,A0: passive analysis,"N2: shift, regime, fault, or recovery evaluation",full_text_section_anchor,full-text anchor and coding rules,ocean-wave forecast skill,B_OFFLINE_TO_OPERATIONAL,Boundary: offline/hindcast.,single,single evaluated endpoint and setting
S070-C01,S070,ross2023subgridbenchmark,2023,Benchmarking of Machine Learning Ocean Subgrid Parameterizations in an Idealized Model,ocean_parameterization_and_hybrid_models,direct_ocean,peer_reviewed_or_book,https://doi.org/10.1029/2022MS003258,offline subgrid-parameterization benchmark,offline parameterization error/diagnostics,D,DEV,O0,C1;C2,E1,A0,N2,objective_or_projection;representation,established,O0--C1/C2--E1--A0--N2;D,Methods—parameterizations; Offline evaluation,HTML n.p. (stable named section),"The benchmark explicitly compares physics-constrained neural networks and equation-discovery parameterizations with spatial derivatives, supporting both constrained and structure-aware mechanisms offline.",https://doi.org/10.1029/2022MS003258,publisher/arXiv full text; stable named section,2026-08-18,O0: gridded or single-source observations,"C1: constraint in the objective, projection, or inference step; C2: physics-structured representation",E1: forecasting or emulation,A0: passive analysis,"N2: shift, regime, fault, or recovery evaluation",full_text_section_anchor,full-text anchor and coding rules,offline parameterization error/diagnostics,B_OFFLINE_TO_OPERATIONAL,Boundary: offline/hindcast.,split,separate endpoint or setting
S070-C02,S070,ross2023subgridbenchmark,2023,Benchmarking of Machine Learning Ocean Subgrid Parameterizations in an Idealized Model,ocean_parameterization_and_hybrid_models,direct_ocean,peer_reviewed_or_book,https://doi.org/10.1029/2022MS003258,coupled idealized-model parameterization benchmark,coupled simulation behavior with learned subgrid parameterization,S,DEV,O0,C1;C2;C3,E1,A0,N2,objective_or_projection;representation;solver_coupling,established,O0--C1/C2/C3--E1--A0--N2;S,Methods—parameterizations; Coupled-model evaluation,HTML n.p. (stable named section),The benchmark explicitly compares physics-constrained neural networks and equation-discovery parameterizations and implements them online in the idealized ocean model.,https://doi.org/10.1029/2022MS003258,publisher/arXiv full text; stable named section,2026-08-18,O0: gridded or single-source observations,"C1: constraint in the objective, projection, or inference step; C2: physics-structured representation; C3: online solver coupling",E1: forecasting or emulation,A0: passive analysis,"N2: shift, regime, fault, or recovery evaluation",full_text_section_anchor,full-text anchor and coding rules,coupled simulation behavior with learned subgrid parameterization,B_SIMULATION_TO_FIELD,Boundary: simulation/replay.,split,separate endpoint or setting
S071-C01,S071,guillaumin2021stochastic,2021,Stochastic-Deep Learning Parameterization of Ocean Momentum Forcing,ocean_parameterization_and_hybrid_models,direct_ocean,peer_reviewed_or_book,https://doi.org/10.1029/2021MS002534,offline stochastic momentum-forcing fit,offline stochastic momentum-forcing parameterization,D,DEV,O0,C0,E1,A0,N1;N2,none,not_established,O0--C0--E1--A0--N1/N2;D,Stochastic CNN and NLL objective; Offline evaluation,HTML n.p. (stable named section),"The CNN predicts a Gaussian mean and standard deviation and is trained with negative log likelihood, a proper probabilistic score, while testing geographic/climate transfer. The generic CNN is not treated as a physics-specific representation.",https://doi.org/10.1029/2021MS002534,publisher/arXiv full text; stable named section,2026-08-18,O0: gridded or single-source observations,C0: no computation-altering physical insertion established,E1: forecasting or emulation,A0: passive analysis,"N1: calibrated uncertainty; N2: shift, regime, fault, or recovery evaluation",full_text_section_anchor,full-text anchor and coding rules,offline stochastic momentum-forcing parameterization,B_OFFLINE_TO_OPERATIONAL,Boundary: offline/hindcast.,split,separate endpoint or setting
S071-C02,S071,guillaumin2021stochastic,2021,Stochastic-Deep Learning Parameterization of Ocean Momentum Forcing,ocean_parameterization_and_hybrid_models,direct_ocean,peer_reviewed_or_book,https://doi.org/10.1029/2021MS002534,coupled stochastic momentum-forcing simulation,coupled simulation with learned stochastic forcing,S,DEV,O0,C3,E1,A0,N1;N2,solver_coupling,established,O0--C3--E1--A0--N1/N2;S,Stochastic CNN and NLL objective; Online model simulations,HTML n.p. (stable named section),"The stochastic CNN parameterization is implemented online in an idealized ocean model after probabilistic NLL training and transfer tests; solver coupling is explicit, but no physics-specific neural representation is inferred.",https://doi.org/10.1029/2021MS002534,publisher/arXiv full text; stable named section,2026-08-18,O0: gridded or single-source observations,C3: online solver coupling,E1: forecasting or emulation,A0: passive analysis,"N1: calibrated uncertainty; N2: shift, regime, fault, or recovery evaluation",full_text_section_anchor,full-text anchor and coding rules,coupled simulation with learned stochastic forcing,B_SIMULATION_TO_FIELD,Boundary: simulation/replay.,split,separate endpoint or setting
S072-C01,S072,frezat2021invariance,2021,Physical Invariance in Neural Networks for Subgrid-Scale Scalar Flux Modeling,ocean_parameterization_and_hybrid_models,direct_ocean,peer_reviewed_or_book,https://doi.org/10.1103/PhysRevFluids.6.024607,invariant subgrid-flux model,subgrid scalar-flux modeling under physical invariance,S,DEV,O0,C1;C2,E0,A0,N2,objective_or_projection;representation,established,O0--C1/C2--E0--A0--N2;S,Invariant architecture and loss; A-priori and a-posteriori results,HTML n.p. (stable named section),The cited full-text method and evaluation focus on explicitly enforcing physical invariance in a neural subgrid model.,https://doi.org/10.1103/PhysRevFluids.6.024607,publisher/arXiv full text; stable named section,2026-08-18,O0: gridded or single-source observations,"C1: constraint in the objective, projection, or inference step; C2: physics-structured representation",E0: state reconstruction or same-time inference,A0: passive analysis,"N2: shift, regime, fault, or recovery evaluation",full_text_section_anchor,full-text anchor and coding rules,subgrid scalar-flux modeling under physical invariance,B_SIMULATION_TO_FIELD,Boundary: simulation/replay.,single,single evaluated endpoint and setting
S073-C01,S073,perezhogin2024stable,2024,A Stable Implementation of a Data-Driven Scale-Aware Mesoscale Parameterization,ocean_parameterization_and_hybrid_models,direct_ocean,peer_reviewed_or_book,https://doi.org/10.1029/2023MS004104,offline scale-aware parameterization test,offline parameterization skill and stability diagnostics,D,DEV,O0,C2,E1,A0,N2,representation,established,O0--C2--E1--A0--N2;D,Scale-aware parameterization; Offline evaluation,HTML n.p. (stable named section),The interpretable equation-discovery parameterization uses velocity-gradient-tensor structure and scale-aware physical form. Numerical filtering is treated as implementation stabilization rather than a separate C1 learning constraint.,https://doi.org/10.1029/2023MS004104,publisher/arXiv full text; stable named section,2026-08-18,O0: gridded or single-source observations,C2: physics-structured representation,E1: forecasting or emulation,A0: passive analysis,"N2: shift, regime, fault, or recovery evaluation",full_text_section_anchor,full-text anchor and coding rules,offline parameterization skill and stability diagnostics,B_OFFLINE_TO_OPERATIONAL,Boundary: offline/hindcast.,split,separate endpoint or setting
S073-C02,S073,perezhogin2024stable,2024,A Stable Implementation of a Data-Driven Scale-Aware Mesoscale Parameterization,ocean_parameterization_and_hybrid_models,direct_ocean,peer_reviewed_or_book,https://doi.org/10.1029/2023MS004104,coupled stable mesoscale parameterization,coupled-model stability with learned mesoscale parameterization,S,DEV,O0,C2;C3,E1,A0,N2,representation;solver_coupling,established,O0--C2/C3--E1--A0--N2;S,Scale-aware parameterization; MOM6 coupled simulations,HTML n.p. (stable named section),"The velocity-gradient-based, scale-aware parameterization is implemented in MOM6 and tested across two idealized regimes; C2 and C3 are explicit, while numerical filtering is not separately coded as C1.",https://doi.org/10.1029/2023MS004104,publisher/arXiv full text; stable named section,2026-08-18,O0: gridded or single-source observations,C2: physics-structured representation; C3: online solver coupling,E1: forecasting or emulation,A0: passive analysis,"N2: shift, regime, fault, or recovery evaluation",full_text_section_anchor,full-text anchor and coding rules,coupled-model stability with learned mesoscale parameterization,B_SIMULATION_TO_FIELD,Boundary: simulation/replay.,split,separate endpoint or setting
S074-C01,S074,brajard2020daml,2020,Combining Data Assimilation and Machine Learning to Emulate a Dynamical Model from Sparse and Noisy Observations: A Case Study with the Lorenz 96 Model,assimilation_and_state_estimation,direct_ocean,peer_reviewed_or_book,https://doi.org/10.1016/j.jocs.2020.101171,DA+ML sparse-state reconstruction [state-reconstruction],state reconstruction from sparse/noisy observations,D,DEV,O2,C0,E0,A0,N2,none,not_established,O2--C0--E0--A0--N2;D,DA/ML method; Sparse-state reconstruction experiments,HTML n.p. (stable named section),The title explicitly identifies sparse/noisy observations and a DA+ML case study; the reconstruction and learned-dynamics endpoints are split into separate configurations.,https://doi.org/10.1016/j.jocs.2020.101171,publisher/arXiv full text; stable named section,2026-08-18,"O2: irregular, delayed, or provenance-aware observations",C0: no computation-altering physical insertion established,E0: state reconstruction or same-time inference,A0: passive analysis,"N2: shift, regime, fault, or recovery evaluation",full_text_section_anchor,full-text anchor and coding rules,state reconstruction from sparse/noisy observations,B_OFFLINE_TO_OPERATIONAL,Boundary: offline/hindcast.,split,separate endpoint or setting
S074-C02,S074,brajard2020daml,2020,Combining Data Assimilation and Machine Learning to Emulate a Dynamical Model from Sparse and Noisy Observations: A Case Study with the Lorenz 96 Model,assimilation_and_state_estimation,direct_ocean,peer_reviewed_or_book,https://doi.org/10.1016/j.jocs.2020.101171,DA+ML learned-dynamics emulation [learned-dynamics],emulation of a dynamical model learned from assimilated observations,D,DEV,O2,C2,E1,A0,N2,representation,established,O2--C2--E1--A0--N2;D,Method—DA/ML cycle; Experimental setup; Reconstruction and forecast results,HTML n.p. (stable named section),The title explicitly identifies sparse/noisy observations and a DA+ML case study; the reconstruction and learned-dynamics endpoints are split into separate configurations.,https://doi.org/10.1016/j.jocs.2020.101171,publisher/arXiv full text; stable named section,2026-08-18,"O2: irregular, delayed, or provenance-aware observations",C2: physics-structured representation,E1: forecasting or emulation,A0: passive analysis,"N2: shift, regime, fault, or recovery evaluation",full_text_section_anchor,full-text anchor and coding rules,emulation of a dynamical model learned from assimilated observations,B_OFFLINE_TO_OPERATIONAL,Boundary: offline/hindcast.,split,separate endpoint or setting
S075-C01,S075,hollinger2014sampling,2014,Sampling-Based Robotic Information Gathering Algorithms,marine_robotics_and_active_sensing,marine_robotics,peer_reviewed_or_book,https://doi.org/10.1177/0278364914533443,sampling-based robotic information gathering,robotic information-gathering objective under planned sensing actions,S,DEV,O3,C0,E2,A1,N0,action_constraint,not_established,O3--C0--E2--A1--N0;S,Information-gathering objective and constraints; Planning experiments,published pp. 1271–1287 (section-located),The source optimizes informative trajectories under explicit fuel/energy/time budgets and motion constraints; the retained endpoint is planning/decision support rather than an executed adaptive sensing loop.,https://doi.org/10.1177/0278364914533443,version-of-record full text; stable published pagination and named section,2026-08-18,O3: action-dependent acquisition,C0: no computation-altering physical insertion established,E2: action-conditioned evolution,A1: decision support,N0: aggregate or in-domain evaluation,full_text_page_anchor,full-text anchor and coding rules,robotic information-gathering objective under planned sensing actions,B_SIMULATION_TO_FIELD,Boundary: simulation/replay.,single,single evaluated endpoint and setting
S076-C01,S076,cieslak2019stonefish,2019,"Stonefish: An Advanced Open-Source Simulation Tool Designed for Marine Robotics, with a ROS Interface",marine_robotics_and_active_sensing,marine_robotics,peer_reviewed_or_book,https://doi.org/10.1109/OCEANSE.2019.8867434,Stonefish marine-robotics simulator,marine-robotics simulation fidelity and integration,S,DEV,O0,C2,E2,A1,N0,representation,established,O0--C2--E2--A1--N0;S,Simulator architecture and physical models; Validation scenarios,published pp. 1–6 (section-located),The cited full-text method and evaluation report the retained endpoint: marine-robotics simulation fidelity and integration.,https://doi.org/10.1109/OCEANSE.2019.8867434,version-of-record full text; stable published pagination and named section,2026-08-18,O0: gridded or single-source observations,C2: physics-structured representation,E2: action-conditioned evolution,A1: decision support,N0: aggregate or in-domain evaluation,full_text_page_anchor,full-text anchor and coding rules,marine-robotics simulation fidelity and integration,B_SIMULATION_TO_FIELD,Boundary: simulation/replay.,single,single evaluated endpoint and setting
S077-C01,S077,potokar2022holoocean,2022,HoloOcean: An Underwater Robotics Simulator,marine_robotics_and_active_sensing,marine_robotics,peer_reviewed_or_book,https://doi.org/10.1109/ICRA46639.2022.9812353,HoloOcean simulator,underwater-robotics simulation for perception/control evaluation,S,DEV,O0,C2,E2,A1,N0,representation,established,O0--C2--E2--A1--N0;S,Simulator design and sensor models; Benchmark experiments,published pp. 3040–3046 (section-located),The cited full-text method and evaluation report the retained endpoint: underwater-robotics simulation for perception/control evaluation.,https://doi.org/10.1109/ICRA46639.2022.9812353,version-of-record full text; stable published pagination and named section,2026-08-18,O0: gridded or single-source observations,C2: physics-structured representation,E2: action-conditioned evolution,A1: decision support,N0: aggregate or in-domain evaluation,full_text_page_anchor,full-text anchor and coding rules,underwater-robotics simulation for perception/control evaluation,B_SIMULATION_TO_FIELD,Boundary: simulation/replay.,single,single evaluated endpoint and setting
S078-C01,S078,grimaldi2025stonefish,2025,Stonefish: Supporting Machine Learning Research in Marine Robotics,marine_robotics_and_active_sensing,marine_robotics,peer_reviewed_or_book,https://doi.org/10.1109/ICRA55743.2025.11127421,Stonefish ML simulation,marine-robotics ML simulation support,S,DEV,O0,C2,E2,A1,N0,representation,established,O0--C2--E2--A1--N0;S,Simulation framework; Machine-learning evaluation scenarios,published pp. 13605–13611 (section-located),Version of record at ICRA 2025 replaces the arXiv preprint; simulator capability remains distinct from field-readiness evidence.,https://doi.org/10.1109/ICRA55743.2025.11127421,version-of-record full text; stable published pagination and named section,2026-08-18,O0: gridded or single-source observations,C2: physics-structured representation,E2: action-conditioned evolution,A1: decision support,N0: aggregate or in-domain evaluation,full_text_page_anchor,full-text anchor and coding rules,marine-robotics ML simulation support,B_SIMULATION_TO_FIELD,Boundary: simulation/replay.,single,single evaluated endpoint and setting
S087-C01,S087,lakshminarayanan2017ensembles,2017,Simple and Scalable Predictive Uncertainty Estimation Using Deep Ensembles,uncertainty_safety_and_validation,transferable_assurance,peer_reviewed_or_book,https://papers.nips.cc/paper/7219-simple-and-scalable-predictive-uncertainty-estimation-using-deep-ensembles,deep-ensemble uncertainty evaluation,predictive uncertainty calibration/quality under in- and out-of-distribution tests,D,DEV,O0,C0,E0,A0,N1;N2,none,not_established,O0--C0--E0--A0--N1/N2;D,Sec. 2 Deep ensembles; Sec. 3 Experiments; OOD results,published pp. 6402–6413 (section-located),"The source reports well-calibrated predictive uncertainty and separately evaluates behavior on known versus unknown distributions, supporting both N1 and N2.",https://papers.nips.cc/paper/7219-simple-and-scalable-predictive-uncertainty-estimation-using-deep-ensembles,version-of-record full text; stable published pagination and named section,2026-08-18,O0: gridded or single-source observations,C0: no computation-altering physical insertion established,E0: state reconstruction or same-time inference,A0: passive analysis,"N1: calibrated uncertainty; N2: shift, regime, fault, or recovery evaluation",full_text_page_anchor,full-text anchor and coding rules,predictive uncertainty calibration/quality under in- and out-of-distribution tests,B_OFFLINE_TO_OPERATIONAL,Boundary: offline/hindcast.,single,single evaluated endpoint and setting
S088-C01,S088,ovadia2019uncertainty,2019,Can You Trust Your Model's Uncertainty? Evaluating Predictive Uncertainty under Dataset Shift,uncertainty_safety_and_validation,transferable_assurance,peer_reviewed_or_book,https://proceedings.neurips.cc/paper/2019/hash/8558cb408c1d76621371888657d2eb1d-Abstract.html,uncertainty-under-shift evaluation,predictive uncertainty under dataset shift,D,DEV,O0,C0,E0,A0,N1;N2,none,not_established,O0--C0--E0--A0--N1/N2;D,Sec. 2 Experimental setup; Sec. 3 Results under dataset shift,published pp. 13991–14002 (section-located),The title/abstract explicitly evaluates predictive uncertainty under dataset shift.,https://proceedings.neurips.cc/paper/2019/hash/8558cb408c1d76621371888657d2eb1d-Abstract.html,version-of-record full text; stable published pagination and named section,2026-08-18,O0: gridded or single-source observations,C0: no computation-altering physical insertion established,E0: state reconstruction or same-time inference,A0: passive analysis,"N1: calibrated uncertainty; N2: shift, regime, fault, or recovery evaluation",full_text_page_anchor,full-text anchor and coding rules,predictive uncertainty under dataset shift,B_OFFLINE_TO_OPERATIONAL,Boundary: offline/hindcast.,single,single evaluated endpoint and setting
S089-C01,S089,hendrycks2017ood,2017,A Baseline for Detecting Misclassified and Out-of-Distribution Examples in Neural Networks,uncertainty_safety_and_validation,transferable_assurance,peer_reviewed_or_book,https://openreview.net/forum?id=Hkg4TI9xl,OOD detection benchmark,out-of-distribution example detection,D,DEV,O0,C0,E0,A0,N2,none,not_established,O0--C0--E0--A0--N2;D,Method; Experimental evaluation on in- and out-of-distribution data,HTML n.p. (stable named section),The cited full-text method and evaluation report the retained endpoint: out-of-distribution example detection.,https://openreview.net/forum?id=Hkg4TI9xl,publisher/arXiv full text; stable named section,2026-08-18,O0: gridded or single-source observations,C0: no computation-altering physical insertion established,E0: state reconstruction or same-time inference,A0: passive analysis,"N2: shift, regime, fault, or recovery evaluation",full_text_section_anchor,full-text anchor and coding rules,out-of-distribution example detection,B_OFFLINE_TO_OPERATIONAL,Boundary: offline/hindcast.,single,single evaluated endpoint and setting
S092-C01,S092,zanna2025hybrid,2025,A Framework for Hybrid Physics--AI Coupled Ocean Models,ocean_parameterization_and_hybrid_models,direct_ocean,preprint,https://doi.org/10.48550/arXiv.2510.22676,offline hybrid-component evaluation,offline learned component in a hybrid ocean-model framework,D,DEV,O0,C2,E1,A0,N2,representation,established,O0--C2--E1--A0--N2;D,Hybrid framework; Offline component evaluation,HTML n.p. (stable named section),Preprint framework for hybrid physics--AI coupling.,https://doi.org/10.48550/arXiv.2510.22676,publisher/arXiv full text; stable named section,2026-08-18,O0: gridded or single-source observations,C2: physics-structured representation,E1: forecasting or emulation,A0: passive analysis,"N2: shift, regime, fault, or recovery evaluation",full_text_section_anchor,full-text anchor and coding rules,offline learned component in a hybrid ocean-model framework,B_OFFLINE_TO_OPERATIONAL,Boundary: offline/hindcast.,split,separate endpoint or setting
S092-C02,S092,zanna2025hybrid,2025,A Framework for Hybrid Physics--AI Coupled Ocean Models,ocean_parameterization_and_hybrid_models,direct_ocean,preprint,https://doi.org/10.48550/arXiv.2510.22676,online hybrid physics-AI coupling,coupled physics-AI ocean-model simulation,S,DEV,O0,C2;C3,E1,A0,N2,representation;solver_coupling,established,O0--C2/C3--E1--A0--N2;S,Hybrid framework; Online coupled evaluation,HTML n.p. (stable named section),Preprint framework for hybrid physics--AI coupling.,https://doi.org/10.48550/arXiv.2510.22676,publisher/arXiv full text; stable named section,2026-08-18,O0: gridded or single-source observations,C2: physics-structured representation; C3: online solver coupling,E1: forecasting or emulation,A0: passive analysis,"N2: shift, regime, fault, or recovery evaluation",full_text_section_anchor,full-text anchor and coding rules,coupled physics-AI ocean-model simulation,B_SIMULATION_TO_FIELD,Boundary: simulation/replay.,split,separate endpoint or setting
S099-C01,S099,chen2026sonarkan,2026,SonarKAN: Sonar Kolmogorov--Arnold Network for Disentangling Passive Sonar Signatures,passive_sonar,underwater_acoustics,preprint,https://doi.org/10.21203/rs.3.rs-8942861/v1,SonarKAN passive-sonar evaluation,passive-sonar representation/disentanglement under simulated variation,S,DEV,O0,C2,E0,A0,N2,representation,established,O0--C2--E0--A0--N2;S,SonarKAN architecture; Passive-sonar experiments and ablations,HTML n.p. (stable named section),"Simulation-based preprint; supports discussion of physics-aligned passive-sonar parameterization, not field validation.",https://doi.org/10.21203/rs.3.rs-8942861/v1,publisher/arXiv full text; stable named section,2026-08-18,O0: gridded or single-source observations,C2: physics-structured representation,E0: state reconstruction or same-time inference,A0: passive analysis,"N2: shift, regime, fault, or recovery evaluation",full_text_section_anchor,full-text anchor and coding rules,passive-sonar representation/disentanglement under simulated variation,B_SIMULATION_TO_FIELD,Boundary: simulation/replay.,single,single evaluated endpoint and setting
S105-C01,S105,chen2025underwaterpinn,2025,Research on Intelligent Predicting Method of Underwater Acoustic Field Based on Physics-Informed Neural Network,underwater_acoustic_sciml,underwater_acoustics,peer_reviewed_or_book,https://doi.org/10.3389/fmars.2025.1665305,underwater acoustic PINN prediction,underwater acoustic-field prediction,S,DEV,O0,C1,E1,A0,N2,objective_or_projection,established,O0--C1--E1--A0--N2;S,Physics-informed formulation; Underwater acoustic-field experiments,published pp. 1665305 (section-located),Physics-informed underwater acoustic-field prediction study; publisher correction of 7 July 2026 recorded without changing citation metadata.,https://doi.org/10.3389/fmars.2025.1665305,version-of-record full text; stable published pagination and named section,2026-08-18,O0: gridded or single-source observations,"C1: constraint in the objective, projection, or inference step",E1: forecasting or emulation,A0: passive analysis,"N2: shift, regime, fault, or recovery evaluation",full_text_page_anchor,full-text anchor and coding rules,underwater acoustic-field prediction,B_SIMULATION_TO_FIELD,Boundary: simulation/replay.,single,single evaluated endpoint and setting
S108-C01,S108,jacox2022mhw,2022,Global Seasonal Forecasts of Marine Heatwaves,ocean_extremes_and_forecasting,direct_ocean,peer_reviewed_or_book,https://doi.org/10.1038/s41586-022-04573-9,global seasonal MHW forecast,seasonal marine-heatwave forecast skill,D,DEV,O0,C0,E1,A0,N1;N2,none,not_established,O0--C0--E1--A0--N1/N2;D,Forecast system and event definition; Probabilistic forecast evaluation,published pp. 486–490 (section-located),"The source evaluates ensemble MHW probabilities with Brier skill score in addition to event/region/lead-time variation, supporting proper-score evidence and named-regime testing.",https://doi.org/10.1038/s41586-022-04573-9,version-of-record full text; stable published pagination and named section,2026-08-18,O0: gridded or single-source observations,C0: no computation-altering physical insertion established,E1: forecasting or emulation,A0: passive analysis,"N1: calibrated uncertainty; N2: shift, regime, fault, or recovery evaluation",full_text_page_anchor,full-text anchor and coding rules,seasonal marine-heatwave forecast skill,B_OFFLINE_TO_OPERATIONAL,Boundary: offline/hindcast.,single,single evaluated endpoint and setting
S109-C01,S109,mcadam2023subsurfaceMHW,2023,Seasonal Forecasting of Subsurface Marine Heatwaves,ocean_extremes_and_forecasting,direct_ocean,peer_reviewed_or_book,https://doi.org/10.1038/s43247-023-00892-5,subsurface MHW forecast,seasonal subsurface marine-heatwave forecast skill,D,DEV,O0,C0,E1,A0,N2,none,not_established,O0--C0--E1--A0--N2;D,Methods—subsurface event definition; Forecast results by depth,published pp. 225 (section-located),Subsurface extreme forecasting distinguishes surface verification from depth-resolved events.,https://doi.org/10.1038/s43247-023-00892-5,version-of-record full text; stable published pagination and named section,2026-08-18,O0: gridded or single-source observations,C0: no computation-altering physical insertion established,E1: forecasting or emulation,A0: passive analysis,"N2: shift, regime, fault, or recovery evaluation",full_text_page_anchor,full-text anchor and coding rules,seasonal subsurface marine-heatwave forecast skill,B_OFFLINE_TO_OPERATIONAL,Boundary: offline/hindcast.,single,single evaluated endpoint and setting
S110-C01,S110,bonino2024mhwML,2024,Machine Learning Methods to Predict Sea Surface Temperature and Marine Heatwave Occurrence: A Case Study of the Mediterranean Sea,ocean_extremes_and_forecasting,direct_ocean,peer_reviewed_or_book,https://doi.org/10.5194/os-20-417-2024,Mediterranean MHW ML forecast,SST and marine-heatwave occurrence prediction,D,DEV,O0,C2,E1,A0,N2,representation,established,O0--C2--E1--A0--N2;D,Sec. 2 Data and methods; Sec. 3 Forecast results,published pp. 417–432 (section-located),"Regional machine-learning evidence for event definition, horizon, and predictor dependence.",https://doi.org/10.5194/os-20-417-2024,version-of-record full text; stable published pagination and named section,2026-08-18,O0: gridded or single-source observations,C2: physics-structured representation,E1: forecasting or emulation,A0: passive analysis,"N2: shift, regime, fault, or recovery evaluation",full_text_page_anchor,full-text anchor and coding rules,SST and marine-heatwave occurrence prediction,B_OFFLINE_TO_OPERATIONAL,Boundary: offline/hindcast.,single,single evaluated endpoint and setting
S111-C01,S111,mogen2024marineExtremes,2024,Multi-Month Forecasts of Marine Heatwaves and Ocean Acidification Extremes,compound_ocean_extremes,direct_ocean,peer_reviewed_or_book,https://doi.org/10.1038/s41561-024-01593-0,marine heatwave/acidification extreme forecast,multi-month compound marine-extreme forecast skill,D,DEV,O0,C0,E1,A0,N2,none,not_established,O0--C0--E1--A0--N2;D,Compound-event definition and forecast method; Evaluation results,published pp. 1261–1267 (section-located),Compound-extreme forecasts used to motivate event-type-specific and multivariate evaluation.,https://doi.org/10.1038/s41561-024-01593-0,version-of-record full text; stable published pagination and named section,2026-08-18,O0: gridded or single-source observations,C0: no computation-altering physical insertion established,E1: forecasting or emulation,A0: passive analysis,"N2: shift, regime, fault, or recovery evaluation",full_text_page_anchor,full-text anchor and coding rules,multi-month compound marine-extreme forecast skill,B_OFFLINE_TO_OPERATIONAL,Boundary: offline/hindcast.,single,single evaluated endpoint and setting
S112-C01,S112,andersson2021icenet,2021,Seasonal Arctic Sea Ice Forecasting with Probabilistic Deep Learning,sea_ice_forecasting,direct_ocean,peer_reviewed_or_book,https://doi.org/10.1038/s41467-021-25257-4,IceNet probabilistic sea-ice forecast,probabilistic seasonal Arctic sea-ice forecast skill,D,DEV,O0,C2,E1,A0,N1;N2,representation,established,O0--C2--E1--A0--N1/N2;D,IceNet architecture and probabilistic objective; Forecast evaluation; Methods,published pp. 5124 (section-located),Probabilistic sea-ice forecasting evidence used for regime and calibration discussion.,https://doi.org/10.1038/s41467-021-25257-4,version-of-record full text; stable published pagination and named section,2026-08-18,O0: gridded or single-source observations,C2: physics-structured representation,E1: forecasting or emulation,A0: passive analysis,"N1: calibrated uncertainty; N2: shift, regime, fault, or recovery evaluation",full_text_page_anchor,full-text anchor and coding rules,probabilistic seasonal Arctic sea-ice forecast skill,B_OFFLINE_TO_OPERATIONAL,Boundary: offline/hindcast.,single,single evaluated endpoint and setting
S113-C01,S113,finn2023seaiceSubgrid,2023,Deep Learning Subgrid-Scale Parametrisations for Short-Term Forecasting of Sea-Ice Dynamics with a Maxwell Elasto-Brittle Rheology,sea_ice_subgrid_dynamics,direct_ocean,peer_reviewed_or_book,https://doi.org/10.5194/tc-17-2965-2023,sea-ice subgrid parameterization,short-term coupled sea-ice dynamics with learned subgrid parameterization,S,DEV,O0,C2;C3,E1,A0,N2,representation;solver_coupling,established,O0--C2/C3--E1--A0--N2;S,Sec. 2 Model and parameterization; Sec. 3 Coupled experiments,published pp. 2965–2991 (section-located),Subgrid sea-ice correction used to motivate resolution and closure transfer tests.,https://doi.org/10.5194/tc-17-2965-2023,version-of-record full text; stable published pagination and named section,2026-08-18,O0: gridded or single-source observations,C2: physics-structured representation; C3: online solver coupling,E1: forecasting or emulation,A0: passive analysis,"N2: shift, regime, fault, or recovery evaluation",full_text_page_anchor,full-text anchor and coding rules,short-term coupled sea-ice dynamics with learned subgrid parameterization,B_SIMULATION_TO_FIELD,Boundary: simulation/replay.,single,single evaluated endpoint and setting
S114-C01,S114,durand2024seaiceSurrogate,2024,Data-Driven Surrogate Modeling of High-Resolution Sea-Ice Thickness in the Arctic,sea_ice_surrogate_modeling,direct_ocean,peer_reviewed_or_book,https://doi.org/10.5194/tc-18-1791-2024,sea-ice thickness surrogate,high-resolution Arctic sea-ice-thickness surrogate simulation,S,DEV,O0,C2,E1,A0,N2,representation,established,O0--C2--E1--A0--N2;S,Sec. 2 Data and surrogate; Sec. 3 Reconstruction experiments,published pp. 1791–1815 (section-located),High-resolution surrogate evidence used to distinguish field skill from recovered small-scale structure.,https://doi.org/10.5194/tc-18-1791-2024,version-of-record full text; stable published pagination and named section,2026-08-18,O0: gridded or single-source observations,C2: physics-structured representation,E1: forecasting or emulation,A0: passive analysis,"N2: shift, regime, fault, or recovery evaluation",full_text_page_anchor,full-text anchor and coding rules,high-resolution Arctic sea-ice-thickness surrogate simulation,B_SIMULATION_TO_FIELD,Boundary: simulation/replay.,single,single evaluated endpoint and setting
S115-C01,S115,beucler2024climateInvariant,2024,Climate-Invariant Machine Learning,ood_and_physical_generalization,transferable_adjacent,peer_reviewed_or_book,https://doi.org/10.1126/sciadv.adj7250,climate-invariant ML evaluation,offline process-model accuracy across climate regimes,S,DEV,O0,C2,E0,A0,N2,representation,established,O0--C2--E0--A0--N2;S,Climate-invariant representation; Cross-climate experiments; Methods,published pp. eadj7250 (section-located),"The source evaluates physically informed process representations offline across climate conditions/configurations; this is not a temporal forecast endpoint, while the climate-informed representation supports C2.",https://doi.org/10.1126/sciadv.adj7250,version-of-record full text; stable published pagination and named section,2026-08-18,O0: gridded or single-source observations,C2: physics-structured representation,E0: state reconstruction or same-time inference,A0: passive analysis,"N2: shift, regime, fault, or recovery evaluation",full_text_page_anchor,full-text anchor and coding rules,offline process-model accuracy across climate regimes,B_SIMULATION_TO_FIELD,Boundary: simulation/replay.,single,single evaluated endpoint and setting
S116-C01,S116,sun2025grayswan,2025,Can AI Weather Models Predict Out-of-Distribution Gray Swan Tropical Cyclones?,extreme_weather_ood,transferable_adjacent,peer_reviewed_or_book,https://doi.org/10.1073/pnas.2420914122,gray-swan cyclone OOD evaluation,OOD tropical-cyclone forecast skill,D,DEV,O0,C2,E1,A0,N2,representation,established,O0--C2--E1--A0--N2;D,Gray-swan evaluation design; High-intensity cyclone results; Methods,published pp. e2420914122 (section-located),Rare high-intensity tropical-cyclone evaluation transferred cautiously to ocean-intelligence OOD design.,https://doi.org/10.1073/pnas.2420914122,version-of-record full text; stable published pagination and named section,2026-08-18,O0: gridded or single-source observations,C2: physics-structured representation,E1: forecasting or emulation,A0: passive analysis,"N2: shift, regime, fault, or recovery evaluation",full_text_page_anchor,full-text anchor and coding rules,OOD tropical-cyclone forecast skill,B_OFFLINE_TO_OPERATIONAL,Boundary: offline/hindcast.,single,single evaluated endpoint and setting
S118-C01,S118,weiss2023robustLocalization,2023,Towards Robust Data-Driven Underwater Acoustic Localization: A Deep CNN Solution with Performance Guarantees for Model Mismatch,underwater_acoustic_localization,underwater_acoustics,peer_reviewed_or_book,https://doi.org/10.1109/ICASSP49357.2023.10094981,robust acoustic localization,underwater acoustic localization under model mismatch,S,DEV,O0,C2,E0,A0,N2,representation,established,O0--C2--E0--A0--N2;S,Signal model and robust estimator; Mismatch experiments,published pp. 1–5 (section-located),Model-mismatch localization evidence used for acoustic OOD and consequence evaluation.,https://doi.org/10.1109/ICASSP49357.2023.10094981,version-of-record full text; stable published pagination and named section,2026-08-18,O0: gridded or single-source observations,C2: physics-structured representation,E0: state reconstruction or same-time inference,A0: passive analysis,"N2: shift, regime, fault, or recovery evaluation",full_text_page_anchor,full-text anchor and coding rules,underwater acoustic localization under model mismatch,B_SIMULATION_TO_FIELD,Boundary: simulation/replay.,single,single evaluated endpoint and setting
S120-C01,S120,lowe2025loopcurrent,2025,Long-Term Predictions of Loop Current Eddy Evolutions Using OceanNet: A Fourier Neural Operator-Based Data-Driven Ocean Emulator,regional_ocean_forecasting,direct_ocean,peer_reviewed_or_book,https://doi.org/10.1175/AIES-D-24-0039.1,OceanNet Loop Current prediction,long-term Loop Current eddy evolution prediction,D,DEV,O0,C2,E1,A0,N2,representation,established,O0--C2--E1--A0--N2;D,OceanNet method and data; Loop Current forecast evaluation,HTML n.p. (stable named section),Regional eddy-evolution evidence used for dynamically difficult regime and long-rollout discussion.,https://doi.org/10.1175/AIES-D-24-0039.1,publisher/arXiv full text; stable named section,2026-08-18,O0: gridded or single-source observations,C2: physics-structured representation,E1: forecasting or emulation,A0: passive analysis,"N2: shift, regime, fault, or recovery evaluation",full_text_section_anchor,full-text anchor and coding rules,long-term Loop Current eddy evolution prediction,B_OFFLINE_TO_OPERATIONAL,Boundary: offline/hindcast.,single,single evaluated endpoint and setting
S121-C01,S121,zhang2023verticalMHW,2023,Vertical Structures of Marine Heatwaves,ocean_extremes,direct_ocean,peer_reviewed_or_book,https://doi.org/10.1038/s41467-023-42219-0,vertical MHW structure analysis,vertical marine-heatwave structure characterization,D,DEV,O1,C0,E0,A0,N2,none,not_established,O1--C0--E0--A0--N2;D,Methods—event identification; Results—vertical structure,published pp. 6483 (section-located),Observation-based vertical marine-heatwave structure used to motivate depth-resolved evaluation.,https://doi.org/10.1038/s41467-023-42219-0,version-of-record full text; stable published pagination and named section,2026-08-18,O1: multimodal observations,C0: no computation-altering physical insertion established,E0: state reconstruction or same-time inference,A0: passive analysis,"N2: shift, regime, fault, or recovery evaluation",full_text_page_anchor,full-text anchor and coding rules,vertical marine-heatwave structure characterization,B_OFFLINE_TO_OPERATIONAL,Boundary: offline/hindcast.,single,single evaluated endpoint and setting
S122-C01,S122,guo2024subsurfaceMHW,2024,Intensification of Future Subsurface Marine Heatwaves in an Eddy-Resolving Model,ocean_extremes_and_subgrid_dynamics,direct_ocean,peer_reviewed_or_book,https://doi.org/10.1038/s41467-024-54946-z,subsurface MHW model experiment,future subsurface marine-heatwave behavior in an eddy-resolving model,S,DEV,O0,C2,E1,A0,N2,representation,established,O0--C2--E1--A0--N2;S,Methods—eddy-resolving experiments; Results—subsurface extremes,published pp. 10777 (section-located),Eddy-resolving projection used to motivate sensitivity of subsurface extremes to fine-scale dynamics.,https://doi.org/10.1038/s41467-024-54946-z,version-of-record full text; stable published pagination and named section,2026-08-18,O0: gridded or single-source observations,C2: physics-structured representation,E1: forecasting or emulation,A0: passive analysis,"N2: shift, regime, fault, or recovery evaluation",full_text_page_anchor,full-text anchor and coding rules,future subsurface marine-heatwave behavior in an eddy-resolving model,B_SIMULATION_TO_FIELD,Boundary: simulation/replay.,single,single evaluated endpoint and setting
S123-C01,S123,jahanmard2026principledFNO,2026,Principled Fourier Neural Operators for High-Resolution Regional Ocean Modeling,regional_ocean_sciml,direct_ocean,peer_reviewed_or_book,https://doi.org/10.1029/2025JH001131,principled FNO regional ocean model,high-resolution regional ocean modeling with physics-structured FNO representation,D,DEV,O0,C2,E1,A0,N2,representation,established,O0--C2--E1--A0--N2;D,Physics-structured FNO; Regional-ocean experiments,published pp. e2025JH001131 (section-located),The retained evidence supports a physics-structured operator representation; no separate penalty/projection term is coded.,https://doi.org/10.1029/2025JH001131,version-of-record full text; stable published pagination and named section,2026-08-18,O0: gridded or single-source observations,C2: physics-structured representation,E1: forecasting or emulation,A0: passive analysis,"N2: shift, regime, fault, or recovery evaluation",full_text_page_anchor,full-text anchor and coding rules,high-resolution regional ocean modeling with physics-structured FNO representation,B_OFFLINE_TO_OPERATIONAL,Boundary: offline/hindcast.,single,single evaluated endpoint and setting
S124-C01,S124,long2023deepUDA,2023,Deep Unsupervised Adversarial Domain Adaptation for Underwater Source Range Estimation,underwater_acoustic_domain_adaptation,underwater_acoustics,peer_reviewed_or_book,https://doi.org/10.1121/10.0022380,data-domain adaptation source ranging,source-range estimation on shifted recorded/offline data,D,DEV,O0,C0,E0,A0,N2,none,not_established,O0--C0--E0--A0--N2;D,Domain-adaptation method; Offline source-ranging evaluation,published pp. 3125–3144 (section-located),"The evaluated mechanism is generic adversarial latent-space domain alignment between simulated and measured acoustic data. Physical mismatch defines the shift, but no physics-specific representation or constraint is established in the adaptation computation.",https://doi.org/10.1121/10.0022380,version-of-record full text; stable published pagination and named section,2026-08-18,O0: gridded or single-source observations,C0: no computation-altering physical insertion established,E0: state reconstruction or same-time inference,A0: passive analysis,"N2: shift, regime, fault, or recovery evaluation",full_text_page_anchor,full-text anchor and coding rules,source-range estimation on shifted recorded/offline data,B_OFFLINE_TO_OPERATIONAL,Boundary: offline/hindcast.,split,separate endpoint or setting
S124-C02,S124,long2023deepUDA,2023,Deep Unsupervised Adversarial Domain Adaptation for Underwater Source Range Estimation,underwater_acoustic_domain_adaptation,underwater_acoustics,peer_reviewed_or_book,https://doi.org/10.1121/10.0022380,simulated domain-shift source ranging,source-range estimation under simulated acoustic domain shift,S,DEV,O0,C0,E0,A0,N2,none,not_established,O0--C0--E0--A0--N2;S,Domain-adaptation method; Simulated mismatch evaluation,published pp. 3125–3144 (section-located),"The evaluated mechanism is generic adversarial latent-space domain alignment between simulated and measured acoustic data. Physical mismatch defines the shift, but no physics-specific representation or constraint is established in the adaptation computation.",https://doi.org/10.1121/10.0022380,version-of-record full text; stable published pagination and named section,2026-08-18,O0: gridded or single-source observations,C0: no computation-altering physical insertion established,E0: state reconstruction or same-time inference,A0: passive analysis,"N2: shift, regime, fault, or recovery evaluation",full_text_page_anchor,full-text anchor and coding rules,source-range estimation under simulated acoustic domain shift,B_SIMULATION_TO_FIELD,Boundary: simulation/replay.,split,separate endpoint or setting
S125-C01,S125,liu2024shipsUDA,2024,Unsupervised Domain Adaptation for Source Localization Using Ships of Opportunity with a Deep Vertical Line Array,underwater_acoustic_domain_adaptation,underwater_acoustics,peer_reviewed_or_book,https://doi.org/10.1109/JOE.2023.3301089,ships-of-opportunity UDA localization,source localization using opportunistic ship data under domain adaptation,D,DEV,O2,C2,E0,A0,N2,representation,established,O2--C2--E0--A0--N2;D,UDA formulation; Deep-ocean localization experiments,published pp. 180–196 (section-located),"Unlabeled target-domain adaptation evidence for deep-ocean localization; supports explicit source-domain, target-domain, and measurement-lineage reporting.",https://doi.org/10.1109/JOE.2023.3301089,version-of-record full text; stable published pagination and named section,2026-08-18,"O2: irregular, delayed, or provenance-aware observations",C2: physics-structured representation,E0: state reconstruction or same-time inference,A0: passive analysis,"N2: shift, regime, fault, or recovery evaluation",full_text_page_anchor,full-text anchor and coding rules,source localization using opportunistic ship data under domain adaptation,B_OFFLINE_TO_OPERATIONAL,Boundary: offline/hindcast.,single,single evaluated endpoint and setting
S126-C01,S126,zhou2025partialDA,2025,Alleviating Negative Transfer Using Unsupervised Adversarial Partial Domain Adaptation for Underwater Source Range Estimation,underwater_acoustic_domain_adaptation,underwater_acoustics,peer_reviewed_or_book,https://doi.org/10.1121/10.0039634,offline partial-domain adaptation,source-range estimation under partial target-label support,D,DEV,O0,C2,E0,A0,N2,representation,established,O0--C2--E0--A0--N2;D,Partial-domain adaptation method; Offline evaluation,published pp. 3529–3546 (section-located),Partial-domain adaptation evidence showing that range-space mismatch can cause negative transfer; motivates support diagnostics and adverse-transfer reporting.,https://doi.org/10.1121/10.0039634,version-of-record full text; stable published pagination and named section,2026-08-18,O0: gridded or single-source observations,C2: physics-structured representation,E0: state reconstruction or same-time inference,A0: passive analysis,"N2: shift, regime, fault, or recovery evaluation",full_text_page_anchor,full-text anchor and coding rules,source-range estimation under partial target-label support,B_OFFLINE_TO_OPERATIONAL,Boundary: offline/hindcast.,split,separate endpoint or setting
S126-C02,S126,zhou2025partialDA,2025,Alleviating Negative Transfer Using Unsupervised Adversarial Partial Domain Adaptation for Underwater Source Range Estimation,underwater_acoustic_domain_adaptation,underwater_acoustics,peer_reviewed_or_book,https://doi.org/10.1121/10.0039634,simulated negative-transfer stress test,source-range estimation under simulated partial-domain mismatch,S,DEV,O0,C2,E0,A0,N2,representation,established,O0--C2--E0--A0--N2;S,Partial-domain adaptation method; Negative-transfer stress test,published pp. 3529–3546 (section-located),Partial-domain adaptation evidence showing that range-space mismatch can cause negative transfer; motivates support diagnostics and adverse-transfer reporting.,https://doi.org/10.1121/10.0039634,version-of-record full text; stable published pagination and named section,2026-08-18,O0: gridded or single-source observations,C2: physics-structured representation,E0: state reconstruction or same-time inference,A0: passive analysis,"N2: shift, regime, fault, or recovery evaluation",full_text_page_anchor,full-text anchor and coding rules,source-range estimation under simulated partial-domain mismatch,B_SIMULATION_TO_FIELD,Boundary: simulation/replay.,split,separate endpoint or setting
S127-C01,S127,kari2026jointDA,2026,Joint Source--Environment Adaptation of Data-Driven Underwater Acoustic Source Ranging Based on Model Uncertainty,underwater_acoustic_domain_adaptation,underwater_acoustics,peer_reviewed_or_book,https://doi.org/10.1109/JOE.2025.3638518,offline joint source-environment adaptation,source ranging under recorded/offline source-environment mismatch,D,DEV,O0,C0,E0,A0,N2,none,not_established,O0--C0--E0--A0--N2;D,Joint adaptation method; Offline evaluation,published pp. 1534–1549 (section-located),"The source evaluates test-time adaptation under named source/environment mismatch using model-implied uncertainty and an auxiliary received-signal-energy estimate. Generic uncertainty ranking is not treated as calibrated/proper-score N1, and no physics-specific representation or constraint is inferred.",https://doi.org/10.1109/JOE.2025.3638518,version-of-record full text; stable published pagination and named section,2026-08-18,O0: gridded or single-source observations,C0: no computation-altering physical insertion established,E0: state reconstruction or same-time inference,A0: passive analysis,"N2: shift, regime, fault, or recovery evaluation",full_text_page_anchor,full-text anchor and coding rules,source ranging under recorded/offline source-environment mismatch,B_OFFLINE_TO_OPERATIONAL,Boundary: offline/hindcast.,split,separate endpoint or setting
S127-C02,S127,kari2026jointDA,2026,Joint Source--Environment Adaptation of Data-Driven Underwater Acoustic Source Ranging Based on Model Uncertainty,underwater_acoustic_domain_adaptation,underwater_acoustics,peer_reviewed_or_book,https://doi.org/10.1109/JOE.2025.3638518,simulated joint source-environment adaptation,source ranging under simulated source-environment mismatch,S,DEV,O0,C0,E0,A0,N2,none,not_established,O0--C0--E0--A0--N2;S,Joint adaptation method; Simulated source/environment mismatch,published pp. 1534–1549 (section-located),"The source evaluates test-time adaptation under named source/environment mismatch using model-implied uncertainty and an auxiliary received-signal-energy estimate. Generic uncertainty ranking is not treated as calibrated/proper-score N1, and no physics-specific representation or constraint is inferred.",https://doi.org/10.1109/JOE.2025.3638518,version-of-record full text; stable published pagination and named section,2026-08-18,O0: gridded or single-source observations,C0: no computation-altering physical insertion established,E0: state reconstruction or same-time inference,A0: passive analysis,"N2: shift, regime, fault, or recovery evaluation",full_text_page_anchor,full-text anchor and coding rules,source ranging under simulated source-environment mismatch,B_SIMULATION_TO_FIELD,Boundary: simulation/replay.,split,separate endpoint or setting
S128-C01,S128,cohen2025mhwObjects,2025,Object-Based Evaluation of Seasonal-to-Multiyear Marine Heatwave Predictions,ocean_extremes_and_forecasting,direct_ocean,peer_reviewed_or_book,https://doi.org/10.1029/2025GL115021,object-based MHW forecast evaluation,object-based seasonal-to-multiyear marine-heatwave prediction evaluation,D,DEV,O0,C0,E1,A0,N2,none,not_established,O0--C0--E1--A0--N2;D,Object-based verification method; Forecast evaluation by event attribute,published pp. e2025GL115021 (section-located),"Object-based forecast verification used to motivate complete-event holdouts and location, area, and intensity metrics rather than pointwise averages alone.",https://doi.org/10.1029/2025GL115021,version-of-record full text; stable published pagination and named section,2026-08-18,O0: gridded or single-source observations,C0: no computation-altering physical insertion established,E1: forecasting or emulation,A0: passive analysis,"N2: shift, regime, fault, or recovery evaluation",full_text_page_anchor,full-text anchor and coding rules,object-based seasonal-to-multiyear marine-heatwave prediction evaluation,B_OFFLINE_TO_OPERATIONAL,Boundary: offline/hindcast.,single,single evaluated endpoint and setting
S129-C01,S129,huang2025tropicyclonenet,2025,Benchmark Dataset and Deep Learning Method for Global Tropical Cyclone Forecasting,extreme_weather_ood,transferable_adjacent,peer_reviewed_or_book,https://doi.org/10.1038/s41467-025-61087-4,TropicalCycloneNet benchmark/model,global tropical-cyclone forecasting benchmark and method,D,DEV,O1,C2,E1,A0,N2,representation,established,O1--C2--E1--A0--N2;D,Dataset and benchmark design; Multibasin experiments,published pp. 5923 (section-located),"Multibasin tropical-cyclone dataset and model used to motivate basin holdouts, heterogeneous environmental inputs, and explicit OOD evaluation.",https://doi.org/10.1038/s41467-025-61087-4,version-of-record full text; stable published pagination and named section,2026-08-18,O1: multimodal observations,C2: physics-structured representation,E1: forecasting or emulation,A0: passive analysis,"N2: shift, regime, fault, or recovery evaluation",full_text_page_anchor,full-text anchor and coding rules,global tropical-cyclone forecasting benchmark and method,B_OFFLINE_TO_OPERATIONAL,Boundary: offline/hindcast.,single,single evaluated endpoint and setting
S130-C01,S130,niu2026regionalTyphoon,2026,A Regional Artificial Intelligence Model for Skillful Typhoon Prediction,extreme_weather_and_regional_forecasting,transferable_adjacent,peer_reviewed_or_book,https://doi.org/10.1038/s44304-026-00219-2,regional AI typhoon prediction,regional AI typhoon forecast skill,D,DEV,O0,C2,E1,A0,N2,representation,established,O0--C2--E1--A0--N2;D,Regional model and boundary forcing; Typhoon forecast evaluation,published pp. 61 (section-located),"High-resolution regional typhoon forecasting used to motivate mesoscale structure, intensity, boundary forcing, and verification-lineage checks.",https://doi.org/10.1038/s44304-026-00219-2,version-of-record full text; stable published pagination and named section,2026-08-18,O0: gridded or single-source observations,C2: physics-structured representation,E1: forecasting or emulation,A0: passive analysis,"N2: shift, regime, fault, or recovery evaluation",full_text_page_anchor,full-text anchor and coding rules,regional AI typhoon forecast skill,B_OFFLINE_TO_OPERATIONAL,Boundary: offline/hindcast.,single,single evaluated endpoint and setting
S131-C01,S131,browne2026oras6SeaIce,2026,Sea Ice Data Assimilation in ORAS6,sea_ice_data_assimilation,direct_ocean,peer_reviewed_or_book,https://doi.org/10.5194/tc-20-3299-2026,ORAS6 sea-ice assimilation,sea-ice data-assimilation analysis in ORAS6,D,DEV,O2,C1,E0,A0,N2,inference,established,O2--C1--E0--A0--N2;D,Sec. 2 ORAS6 system and sea-ice assimilation; Sec. 3 Evaluation,published pp. 3299–3311 (section-located),Multicategory sea-ice assimilation makes subgrid thickness distribution and bounded-state constraints explicit.,https://doi.org/10.5194/tc-20-3299-2026,version-of-record full text; stable published pagination and named section,2026-08-18,"O2: irregular, delayed, or provenance-aware observations","C1: constraint in the objective, projection, or inference step",E0: state reconstruction or same-time inference,A0: passive analysis,"N2: shift, regime, fault, or recovery evaluation",full_text_page_anchor,full-text anchor and coding rules,sea-ice data-assimilation analysis in ORAS6,B_OFFLINE_TO_OPERATIONAL,Boundary: offline/hindcast.,single,single evaluated endpoint and setting
S132-C01,S132,williams2026antarcticSIT,2026,Enhanced Prediction Skill of Antarctic Sea Ice through Sea Ice Thickness Assimilation,sea_ice_data_assimilation_and_prediction,direct_ocean,peer_reviewed_or_book,https://doi.org/10.5194/tc-20-3795-2026,Antarctic SIT assimilation-initialized prediction,year-long prediction skill initialized from Antarctic sea-ice-thickness assimilation,D,DEV,O2,C1,E1,A0,N2,inference,established,O2--C1--E1--A0--N2;D,Sec. 2 Reanalysis initialization and hindcasts; Sec. 3 Results,published pp. 3795–3815 (section-located),The retained configuration is the year-long hindcast initialized from the assimilative reanalysis; the same-time reanalysis endpoint is not double-coded in E.,https://doi.org/10.5194/tc-20-3795-2026,version-of-record full text; stable published pagination and named section,2026-08-18,"O2: irregular, delayed, or provenance-aware observations","C1: constraint in the objective, projection, or inference step",E1: forecasting or emulation,A0: passive analysis,"N2: shift, regime, fault, or recovery evaluation",full_text_page_anchor,full-text anchor and coding rules,year-long prediction skill initialized from Antarctic sea-ice-thickness assimilation,B_OFFLINE_TO_OPERATIONAL,Boundary: offline/hindcast.,single,single evaluated endpoint and setting
S133-C01,S133,williams2023subgridSIT,2023,The Effects of Assimilating a Sub-grid-scale Sea Ice Thickness Distribution in a New Arctic Sea Ice Data Assimilation System,sea_ice_data_assimilation,direct_ocean,peer_reviewed_or_book,https://doi.org/10.5194/tc-17-2509-2023,subgrid SIT assimilation,effect of subgrid sea-ice-thickness assimilation,D,DEV,O2,C1;C2,E0,A0,N2,inference;representation,established,O2--C1/C2--E0--A0--N2;D,Sec. 2 Thickness-distribution assimilation; Sec. 3 Experiments,published pp. 2509–2532 (section-located),Assimilation of the thickness-category distribution shows that unresolved sea-ice structure can alter the resolved analysis and should be part of the state and observation contract.,https://doi.org/10.5194/tc-17-2509-2023,version-of-record full text; stable published pagination and named section,2026-08-18,"O2: irregular, delayed, or provenance-aware observations","C1: constraint in the objective, projection, or inference step; C2: physics-structured representation",E0: state reconstruction or same-time inference,A0: passive analysis,"N2: shift, regime, fault, or recovery evaluation",full_text_page_anchor,full-text anchor and coding rules,effect of subgrid sea-ice-thickness assimilation,B_OFFLINE_TO_OPERATIONAL,Boundary: offline/hindcast.,single,single evaluated endpoint and setting
S134-C01,S134,edel2025arcticSIT,2025,Reconstruction of Arctic Sea Ice Thickness (1992--2010) Based on a Hybrid Machine Learning and Data Assimilation Approach,sea_ice_hybrid_assimilation,direct_ocean,peer_reviewed_or_book,https://doi.org/10.5194/tc-19-731-2025,hybrid Arctic SIT reconstruction,Arctic sea-ice-thickness reconstruction using hybrid ML and DA,D,DEV,O2,C1;C2,E0,A0,N2,inference;representation,established,O2--C1/C2--E0--A0--N2;D,Sec. 2 Hybrid reconstruction method; Sec. 3 Evaluation,published pp. 731–752 (section-located),"Hybrid reconstruction illustrates the dependence of historical state estimates on observation coverage, retrieval uncertainty, reanalysis lineage, and learned correction support.",https://doi.org/10.5194/tc-19-731-2025,version-of-record full text; stable published pagination and named section,2026-08-18,"O2: irregular, delayed, or provenance-aware observations","C1: constraint in the objective, projection, or inference step; C2: physics-structured representation",E0: state reconstruction or same-time inference,A0: passive analysis,"N2: shift, regime, fault, or recovery evaluation",full_text_page_anchor,full-text anchor and coding rules,Arctic sea-ice-thickness reconstruction using hybrid ML and DA,B_OFFLINE_TO_OPERATIONAL,Boundary: offline/hindcast.,single,single evaluated endpoint and setting
S135-C01,S135,rotondo2026seaIceAlbedo,2026,Sea Ice Albedo Bounded Data Assimilation and Its Impact on Modeling: A Regional Approach,sea_ice_data_assimilation,direct_ocean,peer_reviewed_or_book,https://doi.org/10.5194/tc-20-1523-2026,bounded albedo DA experiment,bounded sea-ice-albedo assimilation and reanalysis-state impact,S,DEV,O2,C1,E0,A0,N2,inference,established,O2--C1--E0--A0--N2;S,Sec. 2 Bounded albedo assimilation; Sec. 3 Reanalysis experiments,published pp. 1523–1542 (section-located),The retained endpoint is the data-assimilation/reanalysis experiment; prospective forecast benefit is not coded as a second E level.,https://doi.org/10.5194/tc-20-1523-2026,version-of-record full text; stable published pagination and named section,2026-08-18,"O2: irregular, delayed, or provenance-aware observations","C1: constraint in the objective, projection, or inference step",E0: state reconstruction or same-time inference,A0: passive analysis,"N2: shift, regime, fault, or recovery evaluation",full_text_page_anchor,full-text anchor and coding rules,bounded sea-ice-albedo assimilation and reanalysis-state impact,B_SIMULATION_TO_FIELD,Boundary: simulation/replay.,single,single evaluated endpoint and setting
S136-C01,S136,liu2026ssfdiffusion,2026,SSFDiffusion: A Degradation-Aware Diffusion Model for Ocean Sound Speed Field Super-Resolution,ocean_sound_speed_reconstruction,direct_ocean,peer_reviewed_or_book,https://doi.org/10.1109/JSTARS.2026.3676542,degradation-aware SSF super-resolution,sound-speed-field super-resolution under degradation,D,DEV,O2,C2,E0,A0,N2,representation,established,O2--C2--E0--A0--N2;D,Degradation model and diffusion method; Sound-speed-field experiments,published pp. 12222–12233 (section-located),Degradation-aware sound-speed-field reconstruction motivates explicit modeling of unknown observation degradation and non-Gaussian noise; it does not by itself establish propagation or receiver-task fidelity.,https://doi.org/10.1109/JSTARS.2026.3676542,version-of-record full text; stable published pagination and named section,2026-08-18,"O2: irregular, delayed, or provenance-aware observations",C2: physics-structured representation,E0: state reconstruction or same-time inference,A0: passive analysis,"N2: shift, regime, fault, or recovery evaluation",full_text_page_anchor,full-text anchor and coding rules,sound-speed-field super-resolution under degradation,B_OFFLINE_TO_OPERATIONAL,Boundary: offline/hindcast.,single,single evaluated endpoint and setting
S137-C01,S137,lher2026subarray,2026,Gain Assessment of Environmental-Informed Subarray Processing: The ALMA 2017 Example,underwater_acoustic_environmental_processing,underwater_acoustics,peer_reviewed_or_book,https://doi.org/10.1109/JOE.2026.3657278,ALMA environmental-informed subarray processing,environment-informed subarray processing gain,D,DEV,O1,C2,E0,A0,N2,representation,established,O1--C2--E0--A0--N2;D,Environmental/acoustic measurements; Subarray processing method; At-sea results,published pp. 916–927 (section-located),At-sea environmental and acoustic measurements link ocean fluctuations to array coherence and subarray design; the evidence supports consequence-aware processing rather than generic field-accuracy claims.,https://doi.org/10.1109/JOE.2026.3657278,version-of-record full text; stable published pagination and named section,2026-08-18,O1: multimodal observations,C2: physics-structured representation,E0: state reconstruction or same-time inference,A0: passive analysis,"N2: shift, regime, fault, or recovery evaluation",full_text_page_anchor,full-text anchor and coding rules,environment-informed subarray processing gain,B_OFFLINE_TO_OPERATIONAL,Boundary: offline/hindcast.,single,single evaluated endpoint and setting
S138-C01,S138,meyers2025hil,2025,Testing and Evaluation of Underwater Vehicle Using Hardware-in-the-Loop Simulation with HoloOcean,marine_robotics_and_active_sensing,marine_robotics,peer_reviewed_or_book,https://doi.org/10.23919/OCEANS59106.2025.11245188,CougUV HIL/SIL evaluation,closed-loop AUV hardware-in-the-loop behavior compared with field-trial dynamics,H,DEV,O0,C0,E2,A2,N2,none,not_established,O0--C0--E2--A2--N2;H,System architecture; SIL/HIL setup; Closed-loop evaluation results,HTML n.p. (stable named section),"The source reports simulated sensor streams and returned control-surface commands in HIL/SIL. O3 is reserved for evaluated action-dependent acquisition support or scheduling, so generic closed-loop control does not by itself raise the observation code.",https://doi.org/10.23919/OCEANS59106.2025.11245188,publisher/arXiv full text; stable named section,2026-08-18,O0: gridded or single-source observations,C0: no computation-altering physical insertion established,E2: action-conditioned evolution,A2: active sensing or control,"N2: shift, regime, fault, or recovery evaluation",full_text_section_anchor,full-text anchor and coding rules,closed-loop AUV hardware-in-the-loop behavior compared with field-trial dynamics,B_CONTROLLED_TO_OPEN_OCEAN,Boundary: controlled-water or hardware.,single,single evaluated endpoint and setting
S139-C01,S139,christensen2026semantic,2026,Foundation Models on the Bridge: Semantic Hazard Detection and Safety Maneuvers for Maritime Autonomy with Vision-Language Models,marine_robotics_and_active_sensing,marine_robotics,peer_reviewed_or_book,https://doi.org/10.1016/j.oceaneng.2026.124646,Semantic Lookout on-water fallback,human-overridable semantic fallback maneuver selection with on-water validation,F,DEV,O0,C0,E2,A2,N2;N3,action_constraint,not_established,O0--C0--E2--A2--N2/N3;F,Semantic Lookout architecture and fallback; On-water experiments,HTML n.p. (stable named section),"The source reports a camera-only VLM selector over water-valid trajectories, predefined fallback and operator handover, named out-of-distribution hazard scenes, and an on-water end-to-end run; N2 and N3 are both retained.",https://doi.org/10.1016/j.oceaneng.2026.124646,publisher/arXiv full text; stable named section,2026-08-18,O0: gridded or single-source observations,C0: no computation-altering physical insertion established,E2: action-conditioned evolution,A2: active sensing or control,"N2: shift, regime, fault, or recovery evaluation; N3: independent assurance envelope",full_text_section_anchor,full-text anchor and coding rules,human-overridable semantic fallback maneuver selection with on-water validation,B_DEVELOPER_TO_INDEPENDENT,Boundary: developer-run field evidence.,single,single evaluated endpoint and setting
S140-C01,S140,dong2023assurance,2023,Reliability Assessment and Safety Arguments for Machine Learning Components in System Assurance,uncertainty_safety_and_validation,transferable_assurance,peer_reviewed_or_book,https://doi.org/10.1145/3570918,AUV learning-enabled assurance case,quantitative reliability and safety-argument evaluation for learning-enabled components with a simulated AUV case study,S,DEV,O0,C0,E0,A0,N3,none,not_established,O0--C0--E0--A0--N3;S,Assurance-case model; Quantitative reliability assessment; Case study,published pp. 1–48 (section-located),The peer-reviewed article develops quantitative reliability assessment and probabilistic safety-argument templates and evaluates/scopes them with a simulated autonomous underwater vehicle case study.,https://doi.org/10.1145/3570918,version-of-record full text; stable published pagination and named section,2026-08-18,O0: gridded or single-source observations,C0: no computation-altering physical insertion established,E0: state reconstruction or same-time inference,A0: passive analysis,N3: independent assurance envelope,full_text_page_anchor,full-text anchor and coding rules,quantitative reliability and safety-argument evaluation for learning-enabled components with a simulated AUV case study,B_SIMULATION_TO_FIELD,Boundary: simulation/replay.,single,single evaluated endpoint and setting
S141-C01,S141,patterson2026seaturtle,2026,Autonomous Sea Turtle Robot for Marine Fieldwork,marine_robotics_and_active_sensing,marine_robotics,preprint,https://doi.org/10.48550/arXiv.2602.21389,sea-turtle robot controlled-water autonomy,vision-driven closed-loop underwater tracking and obstacle avoidance in controlled water,H,DEV,O1,C0,E2,A2,N0,none,not_established,O1--C0--E2--A2--N0;H,Robot and controller design; Controlled-water experiments,HTML n.p. (stable named section),"Full-text methods and evaluation report depth-heading stabilization, obstacle avoidance and target-centric vision control, validated in pool experiments and a live coral-reef aquarium exhibit.",https://doi.org/10.48550/arXiv.2602.21389,publisher/arXiv full text; stable named section,2026-08-18,O1: multimodal observations,C0: no computation-altering physical insertion established,E2: action-conditioned evolution,A2: active sensing or control,N0: aggregate or in-domain evaluation,full_text_section_anchor,full-text anchor and coding rules,vision-driven closed-loop underwater tracking and obstacle avoidance in controlled water,B_CONTROLLED_TO_OPEN_OCEAN,Boundary: controlled-water or hardware.,single,single evaluated endpoint and setting
